keithley1_smua_volt,keithley1_smua_curr,keithley1_smub_curr,keithley1_smub_volt,keithley2_smua_curr,keithley2_smua_temperature,keithley2_smua_volt,keithley2_smub_curr,keithley2_smub_volt,time
-0.55,-6.82688e-11,4.81606e-13,0.05,1.17692e-06,49.3496822435349,0.005,1.97873e-08,0.001,1.5789101999253
-0.54,-6.58119e-11,1.5676e-12,0.06,1.17585e-06,49.3220829552158,0.005,2.02235e-08,0.001,2.60812109999824
-0.53,-6.32429e-11,2.21491e-12,0.07,1.17504e-06,49.3011759548879,0.005,1.96524e-08,0.001,3.6399263999192
-0.52,-6.12569e-11,2.51055e-12,0.08,1.17532e-06,49.3084044395065,0.005,1.99563e-08,0.001,4.67195459990762
-0.51,-5.90479e-11,3.35574e-12,0.09,1.17554e-06,49.3140829449544,0.005,1.99307e-08,0.001,5.70156199997291
-0.5,-5.69868e-11,3.43442e-12,0.1,1.17467e-06,49.2916218016479,0.005,2.01505e-08,0.001,6.72698559996206
-0.49,-5.46563e-11,3.95417e-12,0.11,1.17527e-06,49.3071137451432,0.005,2.02301e-08,0.001,7.75493900000583
-0.48,-5.34916e-11,4.5085e-12,0.12,1.17594e-06,49.3244052058685,0.005,2.03332e-08,0.001,8.7794427999761
-0.47,-5.17976e-11,5.20587e-12,0.13,1.1757e-06,49.3182122045177,0.005,2.02453e-08,0.001,9.80754869990051
-0.46,-5.03242e-11,5.97e-12,0.14,1.17572e-06,49.3187283286596,0.005,2.00626e-08,0.001,10.8719074999681
-0.45,-4.93252e-11,6.58751e-12,0.15,1.17674e-06,49.3450408526232,0.005,2.01548e-08,0.001,11.9041421000147
-0.44,-4.79865e-11,7.31587e-12,0.16,1.17617e-06,49.33033916591,0.005,2.01552e-08,0.001,12.93208649999
-0.43,-4.67432e-11,7.59006e-12,0.17,1.17546e-06,49.3120181375288,0.005,1.98818e-08,0.001,13.9712959999451
-0.42,-4.55284e-11,8.07404e-12,0.18,1.17444e-06,49.2856814548823,0.005,1.97499e-08,0.001,15.1967450999655
-0.41,-4.44019e-11,8.2612e-12,0.19,1.17386e-06,49.2706970947026,0.005,2.01595e-08,0.001,16.4373529999284
-0.4,-4.41182e-11,9.53198e-12,0.2,1.17487e-06,49.2967865237346,0.005,1.97035e-08,0.001,17.666338799987
-0.39,-4.31287e-11,1.03533e-11,0.21,1.17562e-06,49.3161476339457,0.005,1.99386e-08,0.001,18.714273499907
-0.38,-4.22001e-11,1.06061e-11,0.22,1.17558e-06,49.3151153042534,0.005,1.97643e-08,0.001,19.7467755000107
-0.37,-4.11499e-11,1.08898e-11,0.23,1.17545e-06,49.3117600282725,0.005,1.99469e-08,0.001,20.7807996999472
-0.36,-4.06516e-11,1.17326e-11,0.24,1.17518e-06,49.3047903786531,0.005,1.99995e-08,0.001,21.8114758000011
-0.35,-4.02951e-11,1.24037e-11,0.25,1.17594e-06,49.3244052058685,0.005,1.93675e-08,0.001,22.8461811000016
-0.34,-3.92604e-11,1.26636e-11,0.26,1.1756e-06,49.3156314728002,0.005,1.9358e-08,0.001,23.8752707999665
-0.33,-3.89421e-11,1.33932e-11,0.27,1.17531e-06,49.3081463043364,0.005,1.90313e-08,0.001,24.9148213999579
-0.32,-3.81255e-11,1.36638e-11,0.28,1.17673e-06,49.3447829800275,0.005,1.96745e-08,0.001,25.9488550999667
-0.31,-3.71563e-11,1.387e-11,0.29,1.17625e-06,49.3324029227556,0.005,1.95235e-08,0.001,26.9941141000018
-0.3,-3.618e-11,1.42646e-11,0.3,1.17576e-06,49.3197605547433,0.005,1.87472e-08,0.001,28.0257787000155
-0.29,-3.5975e-11,1.49918e-11,0.31,1.17635e-06,49.3349824524532,0.005,1.8699e-08,0.001,29.0696754999226
-0.28,-3.51524e-11,1.52385e-11,0.32,1.17467e-06,49.2916218016479,0.005,1.93293e-08,0.001,30.1052511999151
-0.27,-3.5125e-11,1.62005e-11,0.33,1.17608e-06,49.3280172980331,0.005,1.90321e-08,0.001,31.3428662999067
-0.26,-3.42917e-11,1.688e-11,0.34,1.17569e-06,49.3179541396718,0.005,1.93018e-08,0.001,32.5752382999053
-0.25,-3.38066e-11,1.71471e-11,0.35,1.17473e-06,49.2931712960929,0.005,1.88583e-08,0.001,33.6267150999047
-0.24,-3.35205e-11,1.78289e-11,0.36,1.17519e-06,49.3050485378913,0.005,1.90229e-08,0.001,34.6620893999934
-0.23,-3.30031e-11,1.83403e-11,0.37,1.17508e-06,49.3022086844288,0.005,1.88785e-08,0.001,35.7073026999133
-0.22,-3.21937e-11,1.8295e-11,0.38,1.17599e-06,49.325695280391,0.005,1.86832e-08,0.001,36.738334099995
-0.21,-3.16548e-11,1.89281e-11,0.39,1.17652e-06,49.3393672288013,0.005,1.93436e-08,0.001,37.7839070999762
-0.2,-3.11244e-11,1.9263e-11,0.4,1.17646e-06,49.3378197216589,0.005,1.92349e-08,0.001,38.8151353999274
-0.19,-3.09312e-11,2.01583e-11,0.41,1.17576e-06,49.3197605547433,0.005,1.92083e-08,0.001,39.8515722999582
-0.18,-3.05033e-11,2.06959e-11,0.42,1.17578e-06,49.3202766566856,0.005,1.91853e-08,0.001,40.8843423000071
-0.17,-3.00145e-11,2.13122e-11,0.43,1.17635e-06,49.3349824524532,0.005,1.92171e-08,0.001,41.9266773000127
-0.16,-2.95281e-11,2.17724e-11,0.44,1.17575e-06,49.3195025009972,0.005,1.95918e-08,0.001,42.9597444999963
-0.15,-2.88904e-11,2.20728e-11,0.45,1.17706e-06,49.3532918006194,0.005,1.95795e-08,0.001,43.9969746000133
-0.14,-2.83504e-11,2.24102e-11,0.46,1.17638e-06,49.335756275322,0.005,1.93198e-08,0.001,45.0238805999979
-0.13,-2.77269e-11,2.2614e-11,0.47,1.176e-06,49.3259532897476,0.005,1.91494e-08,0.001,46.0654582999414
-0.12,-2.73681e-11,2.31612e-11,0.48,1.17481e-06,49.2952371849242,0.005,1.90605e-08,0.001,47.2862041000044
-0.11,-2.71392e-11,2.4035e-11,0.49,1.17501e-06,49.3004013882864,0.005,1.9888e-08,0.001,48.5406806999817
-0.1,-2.6598e-11,2.43282e-11,0.5,1.17753e-06,49.3654069534937,0.005,1.99161e-08,0.001,49.571757299942
-0.09,-2.64239e-11,2.51234e-11,0.51,1.17801e-06,49.3777756696409,0.005,1.97071e-08,0.001,50.6073743999004
-0.08,-2.5717e-11,2.53844e-11,0.52,1.17628e-06,49.3331768010723,0.005,2.01039e-08,0.001,51.6358436999144
-0.07,-2.53582e-11,2.60711e-11,0.53,1.17586e-06,49.3223409904642,0.005,2.03296e-08,0.001,52.6673916999716
-0.06,-2.5053e-11,2.65729e-11,0.54,1.17522e-06,49.3058230044966,0.005,2.00402e-08,0.001,53.6970549999969
-0.05,-2.45106e-11,2.69127e-11,0.55,1.17586e-06,49.3223409904642,0.005,1.95789e-08,0.001,54.7355815999908
-0.04,-2.43211e-11,2.76446e-11,0.56,1.17618e-06,49.3305971419858,0.005,1.97363e-08,0.001,55.7680477999384
-0.03,-2.39933e-11,2.82276e-11,0.57,1.17538e-06,49.309953211654,0.005,1.93437e-08,0.001,56.8047184000025
-0.02,-2.33686e-11,2.85864e-11,0.58,1.17471e-06,49.2926548053564,0.005,2.03269e-08,0.001,57.8397602000041
-0.01,-2.27702e-11,2.9043e-11,0.59,1.17463e-06,49.2905887682899,0.005,1.9611e-08,0.001,58.8776934999041
5.55112e-17,-2.21455e-11,2.92277e-11,0.6,1.17446e-06,49.2861980456988,0.005,1.95632e-08,0.001,59.9124174999306
0.01,-2.19929e-11,2.99489e-11,0.61,1.1756e-06,49.3156314728002,0.005,1.90411e-08,0.001,60.9517702999292
0.02,-2.15137e-11,3.04329e-11,0.62,1.17487e-06,49.2967865237346,0.005,1.92343e-08,0.001,61.9808172999183
0.03,-2.07365e-11,3.04949e-11,0.63,1.17493e-06,49.2983357958549,0.005,1.96434e-08,0.001,63.2091090999311
0.04,-2.03311e-11,3.09229e-11,0.64,1.17574e-06,49.3192444454013,0.005,1.94879e-08,0.001,64.4369160999777
0.05,-1.98448e-11,3.14581e-11,0.65,1.17505e-06,49.3014341400511,0.005,1.90941e-08,0.001,65.66943359992
0.06,-1.97589e-11,3.19278e-11,0.66,1.17497e-06,49.2993686068883,0.005,1.88825e-08,0.001,66.7022756999359
0.07,-1.95181e-11,3.28696e-11,0.67,1.17596e-06,49.3249212412254,0.005,1.94203e-08,0.001,67.7502734999871
0.08,-1.93107e-11,3.33953e-11,0.68,1.17597e-06,49.3251792561299,0.005,1.91013e-08,0.001,68.7816445999779
0.09,-1.88112e-11,3.38781e-11,0.69,1.17608e-06,49.3280172980331,0.005,1.91009e-08,0.001,69.8241857999237
0.1,-1.80888e-11,3.39508e-11,0.7,1.17546e-06,49.3120181375288,0.005,1.8838e-08,0.001,70.8532087999629
0.11,-1.79744e-11,3.46065e-11,0.71,1.17462e-06,49.2903305053175,0.005,1.84275e-08,0.001,71.8921382999979
0.12,-1.72031e-11,3.51346e-11,0.72,1.17491e-06,49.2978193792244,0.005,1.85648e-08,0.001,72.9238856999436
0.13,-1.71316e-11,3.56424e-11,0.73,1.17516e-06,49.3042740546218,0.005,1.93944e-08,0.001,73.9602875999408
0.14,-1.647e-11,3.59988e-11,0.74,1.17579e-06,49.320534704882,0.005,1.88527e-08,0.001,74.9922223999165
0.15,-1.63412e-11,3.64673e-11,0.75,1.17517e-06,49.3045322175633,0.005,1.93528e-08,0.001,76.0371142999502
0.16,-1.57225e-11,3.69668e-11,0.76,1.17622e-06,49.3316290278028,0.005,1.94021e-08,0.001,77.0676494999789
0.17,-1.54555e-11,3.70049e-11,0.77,1.17638e-06,49.335756275322,0.005,1.89042e-08,0.001,78.1070733999368
0.18,-1.53482e-11,3.82483e-11,0.78,1.17678e-06,49.3460723245365,0.005,1.9504e-08,0.001,79.3291739999549
0.19,-1.48654e-11,3.87192e-11,0.79,1.17673e-06,49.3447829800275,0.005,1.93456e-08,0.001,80.5767446999671
0.2,-1.43504e-11,3.90315e-11,0.8,1.17663e-06,49.3422041524768,0.005,1.88611e-08,0.001,81.6100042999024
0.21,-1.41418e-11,3.97098e-11,0.81,1.17707e-06,49.3535496122789,0.005,1.92542e-08,0.001,82.658584699966
0.22,-1.34432e-11,3.99482e-11,0.82,1.17585e-06,49.3220829552158,0.005,1.93498e-08,0.001,83.6913094999036
0.23,-1.28055e-11,4.02689e-11,0.83,1.17491e-06,49.2978193792244,0.005,1.93911e-08,0.001,84.7408427000046
0.24,-1.27947e-11,4.0673e-11,0.84,1.17572e-06,49.3187283286596,0.005,1.95589e-08,0.001,85.7751407999313
0.25,-1.24931e-11,4.15874e-11,0.85,1.17623e-06,49.3318869946356,0.005,1.98014e-08,0.001,86.819551799912
0.26,-1.17278e-11,4.17912e-11,0.86,1.17507e-06,49.3019505048215,0.005,2.02789e-08,0.001,87.8508231999585
0.27,-1.15001e-11,4.20749e-11,0.87,1.17552e-06,49.3135667542018,0.005,1.94935e-08,0.001,88.8940630999859
0.28,-1.07384e-11,4.24254e-11,0.88,1.17628e-06,49.3331768010723,0.005,1.96019e-08,0.001,89.9283090999816
0.29,-1.0469e-11,4.29833e-11,0.89,1.17669e-06,49.3437514711734,0.005,2.00243e-08,0.001,90.9730183999054
0.3,-1.02305e-11,4.36676e-11,0.9,1.17573e-06,49.3189863879554,0.005,1.98416e-08,0.001,92.0059249999467
0.31,-9.93967e-12,4.4198e-11,0.91,1.17642e-06,49.3367880132741,0.005,1.96933e-08,0.001,93.0438906999771
0.32,-9.6643e-12,4.5048e-11,0.92,1.17605e-06,49.327243308794,0.005,1.92702e-08,0.001,94.0770761999302
0.33,-9.31978e-12,4.5507e-11,0.93,1.1767e-06,49.3440093511576,0.005,1.96906e-08,0.001,95.3198865999002
0.34,-8.62241e-12,4.56965e-11,0.94,1.17596e-06,49.3249212412254,0.005,1.93622e-08,0.001,96.5570184999378
0.35,-8.85844e-12,4.67169e-11,0.95,1.17615e-06,49.3298232082123,0.005,1.96183e-08,0.001,97.5997936999192
0.36,-8.37207e-12,4.70507e-11,0.96,1.17542e-06,49.3109856893985,0.005,1.94069e-08,0.001,98.6330610999139
0.37,-8.04067e-12,4.74572e-11,0.97,1.17596e-06,49.3249212412254,0.005,1.99035e-08,0.001,99.6742500999244
0.38,-7.5531e-12,4.78089e-11,0.98,1.17749e-06,49.3643760353417,0.005,1.96186e-08,0.001,100.711042899988
0.39,-7.12872e-12,4.85778e-11,0.99,1.17747e-06,49.3638605651968,0.005,1.98008e-08,0.001,101.742149299942
0.4,-6.64234e-12,4.86887e-11,1.0,1.17791e-06,49.3751992041147,0.005,1.9713e-08,0.001,102.772419699933
0.41,-6.27637e-12,4.91118e-11,1.01,1.17652e-06,49.3393672288013,0.005,1.95409e-08,0.001,103.808587600011
0.42,-5.14984e-12,4.90844e-11,1.02,1.17508e-06,49.3022086844288,0.005,1.96384e-08,0.001,104.867944399943
0.43,-4.96745e-12,4.95994e-11,1.03,1.17558e-06,49.3151153042534,0.005,1.99888e-08,0.001,105.903037799988
0.44,-4.1008e-12,4.96054e-11,1.04,1.17522e-06,49.3058230044966,0.005,1.98163e-08,0.001,106.93702079996
0.45,-4.4322e-12,5.06699e-11,1.05,1.17547e-06,49.3122762449344,0.005,2.00373e-08,0.001,107.972707999987
0.46,-3.80039e-12,5.11169e-11,1.06,1.17618e-06,49.3305971419858,0.005,1.952e-08,0.001,109.010881399969
0.47,-3.1364e-12,5.13566e-11,1.07,1.17579e-06,49.320534704882,0.005,1.94696e-08,0.001,110.051066999906
0.48,-2.68579e-12,5.15413e-11,1.08,1.17569e-06,49.3179541396718,0.005,2.01705e-08,0.001,111.273044599919
0.49,-2.20656e-12,5.17762e-11,1.09,1.17699e-06,49.3514870673114,0.005,2.01374e-08,0.001,112.516269499902
0.5,-2.14577e-12,5.27954e-11,1.1,1.17671e-06,49.3442672292947,0.005,2.00047e-08,0.001,113.547680399963
0.51,-1.71781e-12,5.31495e-11,1.11,1.1768e-06,49.3465880494117,0.005,1.98203e-08,0.001,114.591923899949
0.52,-1.41263e-12,5.39756e-11,1.12,1.17723e-06,49.3576743477851,0.005,1.9661e-08,0.001,115.625251099933
0.53,-9.40561e-13,5.4251e-11,1.13,1.17703e-06,49.3525183545646,0.005,1.95651e-08,0.001,116.672809500014
0.54,-8.54731e-13,5.51689e-11,1.14,1.17706e-06,49.3532918006194,0.005,1.92817e-08,0.001,117.705161299906
0.55,-2.92063e-13,5.54276e-11,1.15,1.17806e-06,49.3790638332777,0.005,1.96334e-08,0.001,118.752882299945
0.56,-6.46114e-13,5.66113e-11,1.16,1.1778e-06,49.3723648790977,0.005,1.94913e-08,0.001,119.782186299912
0.57,-6.44922e-13,5.75495e-11,1.17,1.17812e-06,49.3806095688173,0.005,1.95872e-08,0.001,120.82141679991
0.58,-3.11136e-13,5.80895e-11,1.18,1.17743e-06,49.3628296027682,0.005,1.99043e-08,0.001,121.852004199987
0.59,1.77622e-13,5.82027e-11,1.19,1.17684e-06,49.3476194769998,0.005,2.0285e-08,0.001,122.892441199976
0.6,5.01871e-13,5.86081e-11,1.2,1.1756e-06,49.3156314728002,0.005,2.04176e-08,0.001,123.923996999976
0.61,1.19805e-12,5.92124e-11,1.21,1.17536e-06,49.3094369616759,0.005,1.99528e-08,0.001,124.963724999921
0.62,1.9753e-12,5.94926e-11,1.22,1.17571e-06,49.3184702675136,0.005,2.02092e-08,0.001,125.992795699975
0.63,1.52469e-12,6.09469e-11,1.23,1.17563e-06,49.316405711743,0.005,2.02987e-08,0.001,127.22512279998
0.64,2.20418e-12,6.1065e-11,1.24,1.176e-06,49.3259532897476,0.005,1.9987e-08,0.001,128.450872499961
0.65,2.45214e-12,6.15764e-11,1.25,1.17585e-06,49.3220829552158,0.005,1.98095e-08,0.001,129.69603979995
0.66,3.25441e-12,6.18541e-11,1.26,1.17735e-06,49.3607675893485,0.005,1.99945e-08,0.001,130.726862199954
0.67,3.03149e-12,6.26552e-11,1.27,1.17698e-06,49.3512292408824,0.005,2.0099e-08,0.001,131.772239499958
0.68,4.09245e-12,6.31845e-11,1.28,1.17715e-06,49.3556120390985,0.005,1.96974e-08,0.001,132.803018299979
0.69,4.07934e-12,6.38342e-11,1.29,1.17603e-06,49.3267273067228,0.005,1.98284e-08,0.001,133.843806199962
0.7,3.93271e-12,6.50012e-11,1.3,1.17555e-06,49.3143410375549,0.005,1.98065e-08,0.001,134.875714399968
0.71,4.46916e-12,6.54757e-11,1.31,1.17581e-06,49.3210507957256,0.005,2.01335e-08,0.001,135.919917199994
0.72,4.40121e-12,6.67262e-11,1.32,1.17561e-06,49.3158895542981,0.005,2.03634e-08,0.001,136.95554539992
0.73,4.76122e-12,6.71756e-11,1.33,1.17663e-06,49.3422041524768,0.005,2.04266e-08,0.001,138.003117999993
0.74,4.7648e-12,6.79076e-11,1.34,1.17788e-06,49.3744262285077,0.005,2.04937e-08,0.001,139.0367081
0.75,5.50389e-12,6.84571e-11,1.35,1.17782e-06,49.3728802275132,0.005,2.10354e-08,0.001,140.081596600008
0.76,5.91159e-12,6.8742e-11,1.36,1.17786e-06,49.373910902218,0.005,2.05432e-08,0.001,141.113859999925
0.77,6.15001e-12,6.96802e-11,1.37,1.17717e-06,49.3561276273445,0.005,2.01589e-08,0.001,142.158780399943
0.78,6.77466e-12,6.98853e-11,1.38,1.17667e-06,49.3432357056636,0.005,2.00686e-08,0.001,143.37988319993
0.79,7.3719e-12,7.03573e-11,1.39,1.17583e-06,49.32156687917,0.005,2.06891e-08,0.001,144.631498600007
0.8,7.86304e-12,7.08401e-11,1.4,1.17589e-06,49.323115085112,0.005,2.01583e-08,0.001,145.670097399969
0.81,8.19445e-12,7.13062e-11,1.41,1.17624e-06,49.3321449596199,0.005,2.02925e-08,0.001,146.705986799905
0.82,8.83341e-12,7.20537e-11,1.42,1.17572e-06,49.3187283286596,0.005,2.0509e-08,0.001,147.739049899974
0.83,9.53078e-12,7.21657e-11,1.43,1.17475e-06,49.2936877794176,0.005,2.04955e-08,0.001,148.779937899904
0.84,9.75728e-12,7.27499e-11,1.44,1.17511e-06,49.3029832121395,0.005,2.02346e-08,0.001,149.80914789997
0.85,1.06573e-11,7.28714e-11,1.45,1.17565e-06,49.3169218617866,0.005,2.05349e-08,0.001,150.846339199925
0.86,1.11437e-11,7.3669e-11,1.46,1.17725e-06,49.3581899065003,0.005,2.04288e-08,0.001,151.87803199992
0.87,1.18053e-11,7.40671e-11,1.47,1.17705e-06,49.3530339871139,0.005,2.05646e-08,0.001,152.92080349999
0.88,1.21903e-11,7.50053e-11,1.48,1.17562e-06,49.3161476339457,0.005,2.03631e-08,0.001,153.955264699995
0.89,1.29139e-11,7.49695e-11,1.49,1.17535e-06,49.3091788339102,0.005,2.06884e-08,0.001,154.990601899917
0.9,1.38521e-11,7.54845e-11,1.5,1.17507e-06,49.3019505048215,0.005,2.01932e-08,0.001,156.02458889992
0.91,1.49178e-11,7.56669e-11,1.51,1.17571e-06,49.3184702675136,0.005,2.06839e-08,0.001,157.063495400012
0.92,1.58334e-11,7.65383e-11,1.52,1.1757e-06,49.3182122045177,0.005,2.07669e-08,0.001,158.096925899968
0.93,1.70553e-11,7.65038e-11,1.53,1.17633e-06,49.3344665613,0.005,2.0847e-08,0.001,159.324437599978
0.94,1.80066e-11,7.67386e-11,1.54,1.17597e-06,49.3251792561299,0.005,2.05692e-08,0.001,160.557398199919
0.95,1.93584e-11,7.70903e-11,1.55,1.17647e-06,49.3380776441354,0.005,2.07916e-08,0.001,161.601817299961
0.96,2.04349e-11,7.74479e-11,1.56,1.17692e-06,49.3496822435349,0.005,2.1093e-08,0.001,162.636060699937
0.97,2.17545e-11,7.8162e-11,1.57,1.17654e-06,49.3398830497338,0.005,2.07285e-08,0.001,163.681648699916
0.98,2.24078e-11,7.89845e-11,1.58,1.17644e-06,49.3373038711623,0.005,2.0347e-08,0.001,164.714869599906
0.99,2.38609e-11,7.9602e-11,1.59,1.17728e-06,49.3589632307315,0.005,2.03497e-08,0.001,165.753831299953
1.0,2.54738e-11,8.00264e-11,1.6,1.17758e-06,49.3666955596775,0.005,2.0874e-08,0.001,166.786487699952
1.01,2.68567e-11,8.04341e-11,1.61,1.17773e-06,49.3705611015579,0.005,2.09951e-08,0.001,167.832271199906
1.02,2.81608e-11,8.09061e-11,1.62,1.17693e-06,49.3499400810422,0.005,2.02352e-08,0.001,168.865050799912
1.03,2.99072e-11,8.16309e-11,1.63,1.17564e-06,49.3166637876899,0.005,2.03817e-08,0.001,169.912717400002
1.04,3.15177e-11,8.20005e-11,1.64,1.1764e-06,49.3362721479941,0.005,2.01774e-08,0.001,170.947399399942
1.05,3.26395e-11,8.28457e-11,1.65,1.17628e-06,49.3331768010723,0.005,2.05492e-08,0.001,171.991964499932
1.06,3.38566e-11,8.37421e-11,1.66,1.17701e-06,49.3520027146304,0.005,2.10086e-08,0.001,173.028754499974
1.07,3.54004e-11,8.44943e-11,1.67,1.17656e-06,49.3403988632758,0.005,2.08324e-08,0.001,174.070557300001
1.08,3.84366e-11,8.37481e-11,1.68,1.17653e-06,49.3396251401913,0.005,2.08671e-08,0.001,175.293955200003
1.09,4.14491e-11,8.27992e-11,1.69,1.177e-06,49.351744891894,0.005,2.11333e-08,0.001,176.539847199921
1.1,4.42004e-11,8.24189e-11,1.7,1.17685e-06,49.3478773292799,0.005,2.06444e-08,0.001,177.572900299914
1.11,4.64654e-11,8.28052e-11,1.71,1.17705e-06,49.3530339871139,0.005,2.11272e-08,0.001,178.620122599998
1.12,4.90832e-11,8.29279e-11,1.72,1.17651e-06,49.3391093155636,0.005,2.07705e-08,0.001,179.653654899914
1.13,5.08952e-11,8.37028e-11,1.73,1.17728e-06,49.3589632307315,0.005,2.07471e-08,0.001,180.691393499961
1.14,5.36585e-11,8.376e-11,1.74,1.17684e-06,49.3476194769998,0.005,2.06561e-08,0.001,181.720359799918
1.15,5.59962e-11,8.42392e-11,1.75,1.17641e-06,49.3365300815581,0.005,2.04512e-08,0.001,182.759852599935
1.16,5.86987e-11,8.43728e-11,1.76,1.17601e-06,49.3262112972552,0.005,2.03965e-08,0.001,183.790392099996
1.17,6.11854e-11,8.45885e-11,1.77,1.1742e-06,49.279481786643,0.005,2.06794e-08,0.001,184.831599699915
1.18,6.4193e-11,8.50439e-11,1.78,1.17485e-06,49.2962700848748,0.005,2.08933e-08,0.001,185.862981399987
1.19,6.64127e-11,8.58521e-11,1.79,1.17686e-06,49.3481351797134,0.005,2.06833e-08,0.001,186.909543299931
1.2,6.93262e-11,8.62289e-11,1.8,1.17732e-06,49.3599943038705,0.005,2.11209e-08,0.001,187.942198999925
1.21,7.16853e-11,8.69954e-11,1.81,1.17886e-06,49.3996681871465,0.005,2.10993e-08,0.001,188.992557799909
1.22,7.51472e-11,8.69787e-11,1.82,1.17861e-06,49.3932305928447,0.005,2.12091e-08,0.001,190.027296799934
1.23,7.75695e-11,8.79669e-11,1.83,1.17846e-06,49.3893674838204,0.005,2.07714e-08,0.001,191.252047599992
1.24,8.06963e-11,8.80611e-11,1.84,1.17827e-06,49.3844736174078,0.005,2.05177e-08,0.001,192.494344200008
1.25,8.35466e-11,8.88515e-11,1.85,1.17729e-06,49.3592210017844,0.005,2.08198e-08,0.001,193.730014499975
1.26,8.68058e-11,8.88634e-11,1.86,1.17816e-06,49.3816400223167,0.005,2.11114e-08,0.001,194.767865199945
1.27,8.9196e-11,8.97539e-11,1.87,1.17665e-06,49.3427199327647,0.005,2.05219e-08,0.001,195.801324400003
1.28,9.23514e-11,9.03642e-11,1.88,1.17604e-06,49.326985308683,0.005,2.0576e-08,0.001,196.834445399931
1.29,9.51409e-11,9.08041e-11,1.89,1.17697e-06,49.3509714126071,0.005,2.12953e-08,0.001,197.873763899901
1.3,9.73284e-11,9.19092e-11,1.9,1.17688e-06,49.3486508750403,0.005,2.08979e-08,0.001,198.905452599982
1.31,9.99987e-11,9.2473e-11,1.91,1.17596e-06,49.3249212412254,0.005,2.13262e-08,0.001,199.946513499948
1.32,1.02459e-10,9.34994e-11,1.92,1.17665e-06,49.3427199327647,0.005,2.13959e-08,0.001,200.978981299908
1.33,1.05188e-10,9.36806e-11,1.93,1.17538e-06,49.309953211654,0.005,2.12563e-08,0.001,202.011423299904
1.34,1.07239e-10,9.46951e-11,1.94,1.17625e-06,49.3324029227556,0.005,2.10423e-08,0.001,203.044143299921
1.35,1.09591e-10,9.50563e-11,1.95,1.17668e-06,49.3434935893421,0.005,2.08939e-08,0.001,204.08874669997
1.36,1.11785e-10,9.60565e-11,1.96,1.17682e-06,49.3471037668993,0.005,2.15642e-08,0.001,205.126671999926
1.37,1.14119e-10,9.73189e-11,1.97,1.17677e-06,49.3458144593287,0.005,2.13422e-08,0.001,206.163260299945
1.38,1.15206e-10,9.81033e-11,1.98,1.17655e-06,49.3401409574285,0.005,2.13503e-08,0.001,207.382813000004
1.39,1.17098e-10,9.86922e-11,1.99,1.17672e-06,49.3445251055846,0.005,2.12691e-08,0.001,208.62581769994
1.4,1.18587e-10,1.00006e-10,2.0,1.17718e-06,49.3563854186989,0.005,2.1051e-08,0.001,209.658965299954
1.41,1.19946e-10,1.01225e-10,2.01,1.17611e-06,49.3287912706317,0.005,2.11619e-08,0.001,210.702042699908
1.42,1.21728e-10,1.02308e-10,2.02,1.17664e-06,49.3424620435443,0.005,2.1621e-08,0.001,211.734458999941
1.43,1.23583e-10,1.02978e-10,2.03,1.17603e-06,49.3267273067228,0.005,2.14986e-08,0.001,212.780338999932
1.44,1.24514e-10,1.04719e-10,2.04,1.17651e-06,49.3391093155636,0.005,2.201e-08,0.001,213.813946299953
1.45,1.26082e-10,1.05829e-10,2.05,1.17689e-06,49.3489087199338,0.005,2.11452e-08,0.001,214.86028569995
1.46,1.27562e-10,1.07296e-10,2.06,1.17738e-06,49.3615408582194,0.005,2.15197e-08,0.001,215.894226199947
1.47,1.28313e-10,1.09458e-10,2.07,1.17746e-06,49.3636028273571,0.005,2.16587e-08,0.001,216.945639099926
1.48,1.29527e-10,1.1094e-10,2.08,1.17774e-06,49.3708187895958,0.005,2.16458e-08,0.001,217.977005499997
1.49,1.30646e-10,1.12462e-10,2.09,1.17688e-06,49.3486508750403,0.005,2.18456e-08,0.001,219.022849799949
1.5,1.31539e-10,1.14058e-10,2.1,1.17693e-06,49.3499400810422,0.005,2.13457e-08,0.001,220.055576899904
1.51,1.33369e-10,1.15175e-10,2.11,1.17768e-06,49.369272633706,0.005,2.09844e-08,0.001,221.097408599919
1.52,1.34703e-10,1.16426e-10,2.12,1.1765e-06,49.3388514004781,0.005,2.11e-08,0.001,222.127371300012
1.53,1.35472e-10,1.18438e-10,2.13,1.17635e-06,49.3349824524532,0.005,2.11774e-08,0.001,223.356329399976
1.54,1.36633e-10,1.20468e-10,2.14,1.17603e-06,49.3267273067228,0.005,2.09268e-08,0.001,224.592838899931
1.55,1.37864e-10,1.22645e-10,2.15,1.17499e-06,49.2998850012916,0.005,2.17067e-08,0.001,225.637559999945
1.56,1.39141e-10,1.24606e-10,2.16,1.17506e-06,49.3016923233622,0.005,2.10986e-08,0.001,226.667947800015
1.57,1.40407e-10,1.2707e-10,2.17,1.17504e-06,49.3011759548879,0.005,2.11524e-08,0.001,227.703149899957
1.58,1.41462e-10,1.29427e-10,2.18,1.17568e-06,49.3176960729757,0.005,2.18289e-08,0.001,228.735504099983
1.59,1.42705e-10,1.3212e-10,2.19,1.17593e-06,49.324147185416,0.005,2.1273e-08,0.001,229.777336300001
1.6,1.43851e-10,1.35475e-10,2.2,1.17707e-06,49.3535496122789,0.005,2.0597e-08,0.001,230.809102799976
1.61,1.4497e-10,1.39424e-10,2.21,1.17755e-06,49.3659224015011,0.005,2.12307e-08,0.001,231.857269799919
1.62,1.46346e-10,1.43169e-10,2.22,1.1771e-06,49.3543230361809,0.005,2.15288e-08,0.001,232.889951099991
1.63,1.47524e-10,1.47303e-10,2.23,1.17667e-06,49.3432357056636,0.005,2.09776e-08,0.001,233.931732399971
1.64,1.48714e-10,1.51112e-10,2.24,1.17681e-06,49.3468459090788,0.005,2.09278e-08,0.001,234.964346699999
1.65,1.4976e-10,1.54955e-10,2.25,1.17652e-06,49.3393672288013,0.005,2.10855e-08,0.001,236.002273899969
1.66,1.51134e-10,1.59734e-10,2.26,1.17716e-06,49.3558698341444,0.005,2.10637e-08,0.001,237.03413689998
1.67,1.52271e-10,1.65263e-10,2.27,1.17734e-06,49.3605098293678,0.005,2.14636e-08,0.001,238.073974199942
1.68,1.53575e-10,1.69134e-10,2.28,1.17682e-06,49.3471037668993,0.005,2.09922e-08,0.001,239.295660099946
1.69,1.5487e-10,1.74782e-10,2.29,1.17829e-06,49.3849887925608,0.005,2.12458e-08,0.001,240.540910999989
1.7,1.56378e-10,1.81105e-10,2.3,1.17862e-06,49.3934881187126,0.005,2.12647e-08,0.001,241.572994499933
1.71,1.57769e-10,1.8929e-10,2.31,1.17803e-06,49.3782909406253,0.005,2.17986e-08,0.001,242.612133299932
1.72,1.59209e-10,1.97634e-10,2.32,1.17802e-06,49.3780333060548,0.005,2.12364e-08,0.001,243.642733099987
1.73,1.60656e-10,2.02175e-10,2.33,1.17802e-06,49.3780333060548,0.005,2.15417e-08,0.001,244.688392099924
1.74,1.62357e-10,2.08726e-10,2.34,1.17742e-06,49.3625718575486,0.005,2.10797e-08,0.001,245.721093199914
1.75,1.64158e-10,2.16655e-10,2.35,1.17697e-06,49.3509714126071,0.005,2.07441e-08,0.001,246.761630099965
1.76,1.65991e-10,2.23377e-10,2.36,1.17761e-06,49.3674687012528,0.005,2.17278e-08,0.001,247.794761099969
1.77,1.67844e-10,2.31268e-10,2.37,1.17715e-06,49.3556120390985,0.005,2.16914e-08,0.001,248.8408166999
1.78,1.69898e-10,2.36163e-10,2.38,1.17648e-06,49.3383355647641,0.005,2.10876e-08,0.001,249.875850299955
1.79,1.71847e-10,2.45879e-10,2.39,1.17656e-06,49.3403988632758,0.005,2.16873e-08,0.001,250.924003999913
1.8,1.74282e-10,2.52771e-10,2.4,1.17617e-06,49.33033916591,0.005,2.2024e-08,0.001,251.960215799976
1.81,1.76532e-10,2.61861e-10,2.41,1.1756e-06,49.3156314728002,0.005,2.20073e-08,0.001,252.997487699962
1.82,1.79121e-10,2.68421e-10,2.42,1.17535e-06,49.3091788339102,0.005,2.124e-08,0.001,254.040526399971
1.83,1.82205e-10,2.78918e-10,2.43,1.17591e-06,49.323631138963,0.005,2.19841e-08,0.001,255.276846299996
1.84,1.8557e-10,2.81876e-10,2.44,1.17534e-06,49.3089207042934,0.005,2.13881e-08,0.001,256.50679949997
1.85,1.88788e-10,2.90391e-10,2.45,1.17517e-06,49.3045322175633,0.005,2.17065e-08,0.001,257.540577200009
1.86,1.92503e-10,2.98501e-10,2.46,1.17469e-06,49.2921383072082,0.005,2.12805e-08,0.001,258.569463499938
1.87,1.96184e-10,3.04843e-10,2.47,1.17537e-06,49.3096950875905,0.005,2.10373e-08,0.001,259.615932099987
1.88,2.00291e-10,3.13901e-10,2.48,1.17477e-06,49.2942042553309,0.005,2.09694e-08,0.001,260.648008599994
1.89,2.04588e-10,3.26555e-10,2.49,1.17486e-06,49.2965283052309,0.005,2.10724e-08,0.001,261.684875899926
1.9,2.08693e-10,3.30396e-10,2.5,1.17536e-06,49.3094369616759,0.005,2.10676e-08,0.001,262.714985499973
1.91,2.12842e-10,3.41311e-10,2.51,1.17548e-06,49.3125343504892,0.005,2.08703e-08,0.001,263.758926799987
1.92,2.17174e-10,3.47404e-10,2.52,1.17463e-06,49.2905887682899,0.005,2.16169e-08,0.001,264.79298769997
1.93,2.21269e-10,3.4795e-10,2.53,1.1751e-06,49.3027250380877,0.005,2.11151e-08,0.001,265.831643999903
1.94,2.25722e-10,3.60181e-10,2.54,1.17629e-06,49.3334347568145,0.005,2.09219e-08,0.001,266.864090999938
1.95,2.30647e-10,3.6638e-10,2.55,1.17583e-06,49.32156687917,0.005,2.15802e-08,0.001,267.910002299934
1.96,2.35314e-10,3.78214e-10,2.56,1.17594e-06,49.3244052058685,0.005,2.16547e-08,0.001,268.942097199964
1.97,2.40787e-10,3.91808e-10,2.57,1.17624e-06,49.3321449596199,0.005,2.1567e-08,0.001,269.984485999914
1.98,2.46553e-10,3.89055e-10,2.58,1.17525e-06,49.3065974544388,0.005,2.13784e-08,0.001,271.207480599987
1.99,2.53407e-10,4.01089e-10,2.59,1.1763e-06,49.3336927107082,0.005,2.14199e-08,0.001,272.452733399929
2.0,2.60047e-10,4.07531e-10,2.6,1.17511e-06,49.3029832121395,0.005,2.10333e-08,0.001,273.681309100008
2.01,2.68786e-10,4.19346e-10,2.61,1.17544e-06,49.3115019171653,0.005,2.10469e-08,0.001,274.722836299916
2.02,2.76835e-10,4.1649e-10,2.62,1.17585e-06,49.3220829552158,0.005,2.09707e-08,0.001,275.753799099941
2.03,2.87696e-10,4.21267e-10,2.63,1.1756e-06,49.3156314728002,0.005,2.1106e-08,0.001,276.792154499912
2.04,2.9814e-10,4.29084e-10,2.64,1.17645e-06,49.3375617973345,0.005,2.09044e-08,0.001,277.822289399919
2.05,3.09778e-10,4.32191e-10,2.65,1.17531e-06,49.3081463043364,0.005,2.04598e-08,0.001,278.864561499911
2.06,3.22086e-10,4.38617e-10,2.66,1.17592e-06,49.3238891631142,0.005,2.08104e-08,0.001,279.8978280999
2.07,3.33393e-10,4.50375e-10,2.67,1.17632e-06,49.334208612951,0.005,2.02889e-08,0.001,280.940590699902
2.08,3.46333e-10,4.65008e-10,2.68,1.17487e-06,49.2967865237346,0.005,2.09816e-08,0.001,281.973745599971
2.09,3.59284e-10,4.87707e-10,2.69,1.17529e-06,49.3076300284423,0.005,2.03328e-08,0.001,283.018722599954
2.1,3.72324e-10,4.92804e-10,2.7,1.17588e-06,49.3228570554123,0.005,2.08269e-08,0.001,284.053069899906
2.11,3.84635e-10,5.01063e-10,2.71,1.1758e-06,49.3207927512287,0.005,2.07273e-08,0.001,285.100383699988
2.12,3.98886e-10,4.9843e-10,2.72,1.17661e-06,49.3416883647993,0.005,2.09539e-08,0.001,286.131147200009
2.13,4.11277e-10,4.91027e-10,2.73,1.17748e-06,49.3641183011917,0.005,2.08265e-08,0.001,287.369068700005
2.14,4.26527e-10,4.79574e-10,2.74,1.17758e-06,49.3666955596775,0.005,2.08248e-08,0.001,288.606635799981
2.15,4.42135e-10,4.73925e-10,2.75,1.17634e-06,49.3347245078007,0.005,2.07762e-08,0.001,289.652341099922
2.16,4.61209e-10,4.65329e-10,2.76,1.17695e-06,49.3504557505175,0.005,2.08737e-08,0.001,290.685191099998
2.17,4.79349e-10,4.77122e-10,2.77,1.17767e-06,49.369014934603,0.005,2.08279e-08,0.001,291.732196699944
2.18,5.06063e-10,4.67813e-10,2.78,1.17705e-06,49.3530339871139,0.005,2.0563e-08,0.001,292.765616099932
2.19,5.27215e-10,4.61647e-10,2.79,1.17549e-06,49.3127924541934,0.005,2.07376e-08,0.001,293.808017199975
2.2,5.51782e-10,4.60327e-10,2.8,1.17581e-06,49.3210507957256,0.005,2.05907e-08,0.001,294.843842900009
2.21,5.74626e-10,4.49622e-10,2.81,1.17602e-06,49.3264693029136,0.005,2.03602e-08,0.001,295.878726999974
2.22,6.02219e-10,4.54677e-10,2.82,1.17469e-06,49.2921383072082,0.005,2.02911e-08,0.001,296.909412499983
2.23,6.30682e-10,4.48903e-10,2.83,1.17533e-06,49.3086625728255,0.005,2.03054e-08,0.001,297.950678399997
2.24,6.6033e-10,4.50747e-10,2.84,1.17503e-06,49.3009177678728,0.005,2.05122e-08,0.001,298.980857199989
2.25,6.92054e-10,4.33996e-10,2.85,1.17523e-06,49.3060811563287,0.005,2.06726e-08,0.001,300.023942
2.26,7.27806e-10,4.30262e-10,2.86,1.17508e-06,49.3022086844288,0.005,2.03894e-08,0.001,301.058203499997
2.27,7.58823e-10,4.25937e-10,2.87,1.1763e-06,49.3336927107082,0.005,2.04303e-08,0.001,302.100892999908
2.28,7.93324e-10,4.2195e-10,2.88,1.17613e-06,49.3293072431196,0.005,2.06017e-08,0.001,303.32448109996
2.29,8.26757e-10,4.27763e-10,2.89,1.17626e-06,49.332660884043,0.005,2.02404e-08,0.001,304.565052799997
2.3,8.60488e-10,4.16181e-10,2.9,1.17565e-06,49.3169218617866,0.005,2.05466e-08,0.001,305.59932249994
2.31,8.91341e-10,4.21373e-10,2.91,1.17599e-06,49.325695280391,0.005,2.00003e-08,0.001,306.64360979991
2.32,9.21316e-10,4.12016e-10,2.92,1.17704e-06,49.3527761717623,0.005,2.01201e-08,0.001,307.699893699959
2.33,9.55685e-10,4.13688e-10,2.93,1.17624e-06,49.3321449596199,0.005,2.0304e-08,0.001,308.733612100012
2.34,9.8431e-10,4.23539e-10,2.94,1.17523e-06,49.3060811563287,0.005,2.01583e-08,0.001,309.767432699911
2.35,1.01804e-09,4.34011e-10,2.95,1.17623e-06,49.3318869946356,0.005,1.98128e-08,0.001,310.811252199928
2.36,1.05253e-09,4.47217e-10,2.96,1.17658e-06,49.3409146694277,0.005,1.99356e-08,0.001,311.843651899952
2.37,1.085e-09,4.55482e-10,2.97,1.17601e-06,49.3262112972552,0.005,1.99746e-08,0.001,312.886547299917
2.38,1.11285e-09,4.63607e-10,2.98,1.17619e-06,49.330855116213,0.005,1.99009e-08,0.001,313.919752099901
2.39,1.15583e-09,4.83836e-10,2.99,1.17556e-06,49.3145991283048,0.005,1.99445e-08,0.001,314.963601799915
2.4,1.20252e-09,4.88141e-10,3.0,1.17525e-06,49.3065974544388,0.005,1.98857e-08,0.001,315.991672399919
2.41,1.25051e-09,5.01264e-10,3.01,1.17554e-06,49.3140829449544,0.005,2.02364e-08,0.001,317.033810999943
2.42,1.29901e-09,5.089e-10,3.02,1.17534e-06,49.3089207042934,0.005,1.99718e-08,0.001,318.067803499987
2.43,1.36457e-09,5.25779e-10,3.03,1.1767e-06,49.3440093511576,0.005,1.989e-08,0.001,319.306415300001
2.44,1.41739e-09,5.35854e-10,3.04,1.17563e-06,49.316405711743,0.005,1.96106e-08,0.001,320.538614799967
2.45,1.48895e-09,5.4176e-10,3.05,1.17531e-06,49.3081463043364,0.005,1.95355e-08,0.001,321.578134799958
2.46,1.55966e-09,5.54465e-10,3.06,1.17457e-06,49.2890391626563,0.005,1.94626e-08,0.001,322.621191599988
2.47,1.63388e-09,5.70101e-10,3.07,1.17562e-06,49.3161476339457,0.005,1.99755e-08,0.001,323.665424300008
2.48,1.72951e-09,5.80578e-10,3.08,1.17575e-06,49.3195025009972,0.005,1.93839e-08,0.001,324.700074399938
2.49,1.82636e-09,5.94172e-10,3.09,1.1757e-06,49.3182122045177,0.005,1.94578e-08,0.001,325.741034899955
2.5,1.92194e-09,6.16171e-10,3.1,1.17472e-06,49.2929130516512,0.005,1.93834e-08,0.001,326.768387699965
2.51,2.00252e-09,6.31963e-10,3.11,1.17596e-06,49.3249212412254,0.005,1.92541e-08,0.001,327.812998899957
2.52,2.09422e-09,6.45809e-10,3.12,1.17575e-06,49.3195025009972,0.005,1.91693e-08,0.001,328.845514999935
2.53,2.17357e-09,6.6625e-10,3.13,1.1764e-06,49.3362721479941,0.005,1.89825e-08,0.001,329.892080099904
2.54,2.23547e-09,6.87262e-10,3.14,1.17639e-06,49.3360142125821,0.005,1.87156e-08,0.001,330.924864899949
2.55,2.28688e-09,7.10934e-10,3.15,1.17672e-06,49.3445251055846,0.005,1.90681e-08,0.001,331.966675199918
2.56,2.3202e-09,7.35883e-10,3.16,1.17722e-06,49.3574165656593,0.005,1.93424e-08,0.001,332.997062499984
2.57,2.31006e-09,7.53666e-10,3.17,1.17687e-06,49.3483930283001,0.005,1.92561e-08,0.001,334.035534499912
2.58,2.28604e-09,7.76395e-10,3.18,1.17781e-06,49.3726225542273,0.005,1.93517e-08,0.001,335.257496499922
2.59,2.22409e-09,7.93513e-10,3.19,1.17829e-06,49.3849887925608,0.005,1.87403e-08,0.001,336.49347300001
2.6,2.11749e-09,8.27613e-10,3.2,1.17787e-06,49.3741685662847,0.005,1.94217e-08,0.001,337.722490699962
2.61,2.04228e-09,8.55376e-10,3.21,1.17804e-06,49.3785485733526,0.005,1.91332e-08,0.001,338.775118799997
2.62,1.94713e-09,8.96709e-10,3.22,1.1769e-06,49.3491665629807,0.005,1.93107e-08,0.001,339.808205900015
2.63,1.86818e-09,9.34259e-10,3.23,1.17634e-06,49.3347245078007,0.005,1.95533e-08,0.001,340.857657999964
2.64,1.76854e-09,9.78758e-10,3.24,1.17641e-06,49.3365300815581,0.005,1.97661e-08,0.001,341.889097800013
2.65,1.69347e-09,1.03406e-09,3.25,1.17598e-06,49.325437269185,0.005,1.91514e-08,0.001,342.934797899914
2.66,1.62679e-09,1.09157e-09,3.26,1.17692e-06,49.3496822435349,0.005,1.90901e-08,0.001,343.9626498
2.67,1.57113e-09,1.15254e-09,3.27,1.17703e-06,49.3525183545646,0.005,1.90624e-08,0.001,345.008264899952
2.68,1.52238e-09,1.2293e-09,3.28,1.17611e-06,49.3287912706317,0.005,1.96612e-08,0.001,346.042750599911
2.69,1.50412e-09,1.31638e-09,3.29,1.17632e-06,49.334208612951,0.005,1.9243e-08,0.001,347.08898599993
2.7,1.49917e-09,1.41855e-09,3.3,1.176e-06,49.3259532897476,0.005,1.93027e-08,0.001,348.124637699919
2.71,1.50468e-09,1.52334e-09,3.31,1.17615e-06,49.3298232082123,0.005,1.86231e-08,0.001,349.17516079999
2.72,1.53111e-09,1.65657e-09,3.32,1.17766e-06,49.3687572336555,0.005,1.87305e-08,0.001,350.211701199994
2.73,1.58345e-09,1.80316e-09,3.33,1.17789e-06,49.374683888887,0.005,1.80544e-08,0.001,351.440211099922
2.74,1.65319e-09,1.97427e-09,3.34,1.17841e-06,49.3880796887166,0.005,1.83526e-08,0.001,352.675883899909
2.75,1.74473e-09,2.15778e-09,3.35,1.17818e-06,49.382155238009,0.005,1.89782e-08,0.001,353.721576499986
2.76,1.85339e-09,2.38229e-09,3.36,1.17891e-06,49.4009555679288,0.005,1.90585e-08,0.001,354.755442099995
2.77,1.89578e-09,2.60927e-09,3.37,1.17802e-06,49.3780333060548,0.005,1.82513e-08,0.001,355.799719200004
2.78,1.95519e-09,2.86734e-09,3.38,1.17831e-06,49.3855039603438,0.005,1.79572e-08,0.001,356.832306899945
2.79,1.92792e-09,3.14768e-09,3.39,1.17785e-06,49.3736532363075,0.005,1.77026e-08,0.001,357.882149599958
2.8,1.94041e-09,3.44389e-09,3.4,1.17829e-06,49.3849887925608,0.005,1.72904e-08,0.001,358.915459299926
2.79,1.8187e-09,3.11977e-09,3.39,1.17736e-06,49.361025347484,0.005,1.75508e-08,0.001,359.963537800009
2.78,1.72242e-09,2.82084e-09,3.38,1.17773e-06,49.3705611015579,0.005,1.77246e-08,0.001,360.993713999982
2.77,1.64563e-09,2.58481e-09,3.37,1.17693e-06,49.3499400810422,0.005,1.79218e-08,0.001,362.037463799934
2.76,1.5784e-09,2.35952e-09,3.36,1.17651e-06,49.3391093155636,0.005,1.84314e-08,0.001,363.068384499988
2.75,1.51465e-09,2.14955e-09,3.35,1.17671e-06,49.3442672292947,0.005,1.8376e-08,0.001,364.105745399953
2.74,1.45925e-09,1.96084e-09,3.34,1.17646e-06,49.3378197216589,0.005,1.8712e-08,0.001,365.135477399919
2.73,1.42218e-09,1.7795e-09,3.33,1.17711e-06,49.3545808404562,0.005,1.91122e-08,0.001,366.174000700004
2.72,1.37635e-09,1.62865e-09,3.32,1.17648e-06,49.3383355647641,0.005,1.89857e-08,0.001,367.203032599995
2.71,1.31002e-09,1.50659e-09,3.31,1.177e-06,49.351744891894,0.005,1.91306e-08,0.001,368.629942799918
2.7,1.24691e-09,1.40125e-09,3.3,1.17656e-06,49.3403988632758,0.005,1.96415e-08,0.001,369.858025199967
2.69,1.19801e-09,1.31449e-09,3.29,1.17618e-06,49.3305971419858,0.005,1.91535e-08,0.001,370.893544799997
2.68,1.15786e-09,1.22593e-09,3.28,1.17668e-06,49.3434935893421,0.005,1.95545e-08,0.001,371.925412299926
2.67,1.11654e-09,1.14107e-09,3.27,1.17659e-06,49.3411725697324,0.005,2.0154e-08,0.001,373.008654300007
2.66,1.08073e-09,1.0677e-09,3.26,1.17588e-06,49.3228570554123,0.005,2.00866e-08,0.001,374.038844899973
2.65,1.0516e-09,1.00959e-09,3.25,1.17543e-06,49.3112438042073,0.005,2.02491e-08,0.001,375.083823099965
2.64,1.03267e-09,9.54609e-10,3.24,1.17446e-06,49.2861980456988,0.005,1.96252e-08,0.001,376.115212799981
2.63,9.84384e-10,9.11112e-10,3.23,1.17488e-06,49.2970447403857,0.005,1.9688e-08,0.001,377.156094099977
2.62,9.48422e-10,8.68167e-10,3.22,1.1762e-06,49.3311130885915,0.005,2.02584e-08,0.001,378.188803099911
2.61,9.2386e-10,8.31416e-10,3.21,1.17642e-06,49.3367880132741,0.005,1.97053e-08,0.001,379.22992469999
2.6,8.94086e-10,7.98391e-10,3.2,1.17584e-06,49.3218249181177,0.005,1.9928e-08,0.001,380.262420799932
2.59,8.75555e-10,7.66392e-10,3.19,1.17688e-06,49.3486508750403,0.005,2.01668e-08,0.001,381.308544499916
2.58,8.50182e-10,7.32341e-10,3.18,1.17631e-06,49.3339506627538,0.005,2.01552e-08,0.001,382.339433499961
2.57,8.22532e-10,7.05324e-10,3.17,1.17565e-06,49.3169218617866,0.005,1.98598e-08,0.001,383.383320399909
2.56,8.01414e-10,6.83146e-10,3.16,1.1758e-06,49.3207927512287,0.005,2.01709e-08,0.001,384.7985282999
2.55,7.78469e-10,6.59186e-10,3.15,1.17581e-06,49.3210507957256,0.005,2.0362e-08,0.001,385.845016499981
2.54,7.58957e-10,6.41048e-10,3.14,1.17561e-06,49.3158895542981,0.005,2.01626e-08,0.001,386.87744959991
2.53,7.73153e-10,5.82947e-10,3.13,1.17652e-06,49.3393672288013,0.005,2.01426e-08,0.001,387.928226999938
2.52,7.59654e-10,5.5241e-10,3.12,1.17642e-06,49.3367880132741,0.005,2.04866e-08,0.001,388.957069399999
2.51,7.45897e-10,5.25134e-10,3.11,1.17623e-06,49.3318869946356,0.005,2.03861e-08,0.001,390.008564799908
2.5,7.32509e-10,5.08162e-10,3.1,1.17664e-06,49.3424620435443,0.005,2.06248e-08,0.001,391.051038799924
2.49,7.20783e-10,4.90898e-10,3.09,1.17683e-06,49.347361622873,0.005,2.05263e-08,0.001,392.088073699968
2.48,7.15066e-10,4.6368e-10,3.08,1.17544e-06,49.3115019171653,0.005,2.0787e-08,0.001,393.117484799935
2.47,7.10049e-10,4.43732e-10,3.07,1.17563e-06,49.316405711743,0.005,2.06215e-08,0.001,394.151614099974
2.46,7.05395e-10,4.25109e-10,3.06,1.17522e-06,49.3058230044966,0.005,2.02466e-08,0.001,395.190532299923
2.45,7.06143e-10,4.13256e-10,3.05,1.17443e-06,49.2854231566934,0.005,2.03849e-08,0.001,396.229516399908
2.44,6.95535e-10,3.99635e-10,3.04,1.17468e-06,49.2918800553546,0.005,2.04527e-08,0.001,397.259662199998
2.43,6.86803e-10,3.89498e-10,3.03,1.17538e-06,49.309953211654,0.005,2.06586e-08,0.001,398.302039499977
2.42,6.73144e-10,3.84523e-10,3.02,1.17641e-06,49.3365300815581,0.005,2.07218e-08,0.001,399.332615999971
2.41,6.63739e-10,3.76815e-10,3.01,1.17633e-06,49.3344665613,0.005,2.02794e-08,0.001,400.755772699951
2.4,6.46162e-10,3.74343e-10,3.0,1.17669e-06,49.3437514711734,0.005,2.03494e-08,0.001,401.789654599968
2.39,6.33004e-10,3.64947e-10,2.99,1.17506e-06,49.3016923233622,0.005,1.99831e-08,0.001,402.836733900011
2.38,6.1426e-10,3.55105e-10,2.98,1.17501e-06,49.3004013882864,0.005,2.01026e-08,0.001,403.870524799917
2.37,5.97891e-10,3.52198e-10,2.97,1.17499e-06,49.2998850012916,0.005,2.04344e-08,0.001,404.917745299987
2.36,5.82515e-10,3.54497e-10,2.96,1.17546e-06,49.3120181375288,0.005,2.06563e-08,0.001,405.950607699924
2.35,5.61258e-10,3.59895e-10,2.95,1.17584e-06,49.3218249181177,0.005,2.04279e-08,0.001,406.998210899998
2.34,5.37832e-10,3.60329e-10,2.94,1.17713e-06,49.3550964434691,0.005,2.03213e-08,0.001,408.029176999931
2.33,5.115e-10,3.68954e-10,2.93,1.17732e-06,49.3599943038705,0.005,2.02253e-08,0.001,409.070764399949
2.32,4.84474e-10,3.78084e-10,2.92,1.17664e-06,49.3424620435443,0.005,2.06985e-08,0.001,410.106575299986
2.31,4.57946e-10,3.86411e-10,2.91,1.1767e-06,49.3440093511576,0.005,2.05737e-08,0.001,411.149730699952
2.3,4.33243e-10,3.90615e-10,2.9,1.17636e-06,49.3352403952576,0.005,2.13071e-08,0.001,412.184547799989
2.29,4.12295e-10,3.95465e-10,2.89,1.17676e-06,49.3455565922739,0.005,2.0625e-08,0.001,413.228141399915
2.28,3.88594e-10,4.04602e-10,2.88,1.17774e-06,49.3708187895958,0.005,2.04512e-08,0.001,414.259498499916
2.27,3.74614e-10,4.09427e-10,2.87,1.17674e-06,49.3450408526232,0.005,2.03396e-08,0.001,415.304239099962
2.26,3.47414e-10,4.24631e-10,2.86,1.17731e-06,49.3597365383538,0.005,2.04011e-08,0.001,416.719047199935
2.25,3.3419e-10,4.27625e-10,2.85,1.17678e-06,49.3460723245365,0.005,2.03753e-08,0.001,417.758188599953
2.24,3.26533e-10,4.23747e-10,2.84,1.17535e-06,49.3091788339102,0.005,2.05376e-08,0.001,418.789772999939
2.23,3.13615e-10,4.24962e-10,2.83,1.17509e-06,49.3024668621841,0.005,2.05982e-08,0.001,419.852910999907
2.22,3.43065e-10,3.78066e-10,2.82,1.17508e-06,49.3022086844288,0.005,2.08521e-08,0.001,420.89190399996
2.21,3.3074e-10,3.81138e-10,2.81,1.17609e-06,49.3282752907483,0.005,2.02905e-08,0.001,421.935939499992
2.2,3.16651e-10,3.83261e-10,2.8,1.17491e-06,49.2978193792244,0.005,2.08763e-08,0.001,422.969708399964
2.19,3.03788e-10,3.84499e-10,2.79,1.17546e-06,49.3120181375288,0.005,2.02305e-08,0.001,424.027853699983
2.18,2.95309e-10,3.81598e-10,2.78,1.17561e-06,49.3158895542981,0.005,2.03531e-08,0.001,425.061859600013
2.17,2.81663e-10,3.80883e-10,2.77,1.17557e-06,49.3148572172043,0.005,2.05667e-08,0.001,426.105885499972
2.16,2.74212e-10,3.77357e-10,2.76,1.17505e-06,49.3014341400511,0.005,2.04527e-08,0.001,427.139946499956
2.15,2.65182e-10,3.73222e-10,2.75,1.17477e-06,49.2942042553309,0.005,2.06928e-08,0.001,428.183371399995
2.14,2.54604e-10,3.72431e-10,2.74,1.17447e-06,49.2864563383265,0.005,2.08924e-08,0.001,429.216900900006
2.13,2.45233e-10,3.66505e-10,2.73,1.17563e-06,49.316405711743,0.005,2.03471e-08,0.001,430.261983499979
2.12,2.36661e-10,3.58655e-10,2.72,1.17539e-06,49.3102113338666,0.005,2.00499e-08,0.001,431.293174899998
2.11,2.23874e-10,3.55421e-10,2.71,1.17599e-06,49.325695280391,0.005,1.98548e-08,0.001,432.714711899986
2.1,2.18027e-10,3.4909e-10,2.7,1.17561e-06,49.3158895542981,0.005,2.05766e-08,0.001,433.748910699971
2.09,2.15312e-10,3.36785e-10,2.69,1.17574e-06,49.3192444454013,0.005,2.05692e-08,0.001,434.797411300009
2.08,2.05909e-10,3.30427e-10,2.68,1.17646e-06,49.3378197216589,0.005,2.02783e-08,0.001,435.830781799974
2.07,1.96065e-10,3.22962e-10,2.67,1.17731e-06,49.3597365383538,0.005,2.02956e-08,0.001,436.886795599945
2.06,1.87429e-10,3.17153e-10,2.66,1.17759e-06,49.3669532753805,0.005,2.05805e-08,0.001,437.920592000009
2.05,1.88916e-10,3.01667e-10,2.65,1.17675e-06,49.3452987233721,0.005,2.0938e-08,0.001,438.970435799914
2.04,1.89557e-10,2.8769e-10,2.64,1.17475e-06,49.2936877794176,0.005,2.08719e-08,0.001,440.006289399927
2.03,1.78154e-10,2.8919e-10,2.63,1.17572e-06,49.3187283286596,0.005,2.07517e-08,0.001,441.051858499995
2.02,1.74692e-10,2.806e-10,2.62,1.17499e-06,49.2998850012916,0.005,2.06298e-08,0.001,442.086967799929
2.01,1.66851e-10,2.75049e-10,2.61,1.17417e-06,49.2787067530155,0.005,2.02961e-08,0.001,443.125682099955
2.0,1.63597e-10,2.67519e-10,2.6,1.17452e-06,49.2877477736604,0.005,2.02005e-08,0.001,444.157123799901
1.99,1.51744e-10,2.74098e-10,2.59,1.17379e-06,49.2688882154345,0.005,1.93106e-08,0.001,445.211516499985
1.98,1.40311e-10,2.75205e-10,2.58,1.17645e-06,49.3375617973345,0.005,1.96409e-08,0.001,446.263565999921
1.97,1.34094e-10,2.74572e-10,2.57,1.1762e-06,49.3311130885915,0.005,2.01577e-08,0.001,447.298333299928
1.96,1.27542e-10,2.73657e-10,2.56,1.17583e-06,49.32156687917,0.005,2.02329e-08,0.001,448.713213799987
1.95,1.24683e-10,2.6903e-10,2.55,1.1753e-06,49.3078881673149,0.005,2.03013e-08,0.001,449.759007399902
1.94,1.25084e-10,2.62873e-10,2.54,1.17563e-06,49.316405711743,0.005,1.98376e-08,0.001,450.791336399969
1.93,1.2164e-10,2.57424e-10,2.53,1.17617e-06,49.33033916591,0.005,2.0169e-08,0.001,451.836914199986
1.92,1.16806e-10,2.54757e-10,2.52,1.17606e-06,49.3275013070561,0.005,1.98175e-08,0.001,452.86942309991
1.91,1.14533e-10,2.5162e-10,2.51,1.17673e-06,49.3447829800275,0.005,1.97843e-08,0.001,453.920965899946
1.9,1.1254e-10,2.46513e-10,2.5,1.17786e-06,49.373910902218,0.005,1.98442e-08,0.001,454.953253599931
1.89,1.03904e-10,2.52506e-10,2.49,1.17799e-06,49.3772603912831,0.005,1.97159e-08,0.001,456.000421799952
1.88,8.92913e-11,2.68492e-10,2.48,1.17728e-06,49.3589632307315,0.005,1.97107e-08,0.001,457.031936799991
1.87,7.52902e-11,2.77593e-10,2.47,1.17602e-06,49.3264693029136,0.005,1.94665e-08,0.001,458.065804300015
1.86,6.66666e-11,2.79716e-10,2.46,1.17562e-06,49.3161476339457,0.005,1.95205e-08,0.001,459.097550499951
1.85,6.11126e-11,2.81029e-10,2.45,1.17558e-06,49.3151153042534,0.005,2.00702e-08,0.001,460.135700899991
1.84,5.71013e-11,2.79312e-10,2.44,1.1753e-06,49.3078881673149,0.005,1.9446e-08,0.001,461.169028299977
1.83,5.62119e-11,2.72255e-10,2.43,1.17615e-06,49.3298232082123,0.005,1.94775e-08,0.001,462.211011399981
1.82,6.38366e-11,2.52242e-10,2.42,1.1765e-06,49.3388514004781,0.005,1.97753e-08,0.001,463.243115699966
1.81,8.49223e-11,2.24255e-10,2.41,1.17583e-06,49.32156687917,0.005,1.9556e-08,0.001,464.664540799917
1.8,1.43492e-10,1.59476e-10,2.4,1.17576e-06,49.3197605547433,0.005,1.97573e-08,0.001,465.899041599943
1.79,1.44835e-10,1.54163e-10,2.39,1.17623e-06,49.3318869946356,0.005,1.98921e-08,0.001,466.939878799953
1.78,1.42907e-10,1.56951e-10,2.38,1.17762e-06,49.3677264114222,0.005,1.99773e-08,0.001,467.969395299908
1.77,1.41523e-10,1.55447e-10,2.37,1.17664e-06,49.3424620435443,0.005,2.01423e-08,0.001,469.007192999939
1.76,1.4004e-10,1.53309e-10,2.36,1.17645e-06,49.3375617973345,0.005,1.98615e-08,0.001,470.040009199991
1.75,1.38936e-10,1.4959e-10,2.35,1.1752e-06,49.3053066952779,0.005,1.95395e-08,0.001,471.083134999964
1.74,1.37954e-10,1.46686e-10,2.34,1.17469e-06,49.2921383072082,0.005,1.98268e-08,0.001,472.117657699971
1.73,1.36617e-10,1.4454e-10,2.33,1.17464e-06,49.2908470294091,0.005,1.9756e-08,0.001,473.153267499991
1.72,1.35661e-10,1.42095e-10,2.32,1.17511e-06,49.3029832121395,0.005,2.00533e-08,0.001,474.191946099978
1.71,1.34437e-10,1.40257e-10,2.31,1.17417e-06,49.2787067530155,0.005,1.956e-08,0.001,475.23592050001
1.7,1.34485e-10,1.3641e-10,2.3,1.17453e-06,49.2880060551665,0.005,1.96546e-08,0.001,476.269203200005
1.69,1.32194e-10,1.35224e-10,2.29,1.17468e-06,49.2918800553546,0.005,2.01697e-08,0.001,477.312012999901
1.68,1.31271e-10,1.33573e-10,2.28,1.17504e-06,49.3011759548879,0.005,2.00591e-08,0.001,478.345459799981
1.67,1.29877e-10,1.31816e-10,2.27,1.17541e-06,49.3107275727388,0.005,2.0198e-08,0.001,479.388930599904
1.66,1.29406e-10,1.29522e-10,2.26,1.17637e-06,49.3354983362139,0.005,2.01734e-08,0.001,480.805261399946
1.65,1.28028e-10,1.28205e-10,2.25,1.17563e-06,49.316405711743,0.005,2.00617e-08,0.001,481.852916899952
1.64,1.27177e-10,1.26307e-10,2.24,1.17586e-06,49.3223409904642,0.005,2.00051e-08,0.001,482.886135299923
1.63,1.25533e-10,1.24567e-10,2.23,1.17535e-06,49.3091788339102,0.005,2.02539e-08,0.001,483.931342299911
1.62,1.24586e-10,1.23217e-10,2.22,1.17649e-06,49.338593483545,0.005,2.00684e-08,0.001,484.963362899958
1.61,1.24117e-10,1.21154e-10,2.21,1.17562e-06,49.3161476339457,0.005,2.04259e-08,0.001,486.015762199997
1.6,1.22199e-10,1.20988e-10,2.2,1.17686e-06,49.3481351797134,0.005,2.04777e-08,0.001,487.049263099907
1.59,1.20726e-10,1.20111e-10,2.19,1.17724e-06,49.3579321280655,0.005,2.00022e-08,0.001,488.09055199998
1.58,1.19182e-10,1.19094e-10,2.18,1.17656e-06,49.3403988632758,0.005,1.9942e-08,0.001,489.126959399902
1.57,1.18119e-10,1.18085e-10,2.17,1.17689e-06,49.3489087199338,0.005,2.01027e-08,0.001,490.171905800002
1.56,1.17396e-10,1.1672e-10,2.16,1.17651e-06,49.3391093155636,0.005,2.02993e-08,0.001,491.209323499934
1.55,1.15335e-10,1.16391e-10,2.15,1.17556e-06,49.3145991283048,0.005,1.9842e-08,0.001,492.265084299957
1.54,1.14132e-10,1.15381e-10,2.14,1.17486e-06,49.2965283052309,0.005,1.98226e-08,0.001,493.293540899991
1.53,1.13477e-10,1.13919e-10,2.13,1.17663e-06,49.3422041524768,0.005,1.95941e-08,0.001,494.332230899949
1.52,1.12323e-10,1.12505e-10,2.12,1.177e-06,49.351744891894,0.005,1.96635e-08,0.001,495.365516299964
1.51,1.11729e-10,1.1116e-10,2.11,1.17783e-06,49.3731378989551,0.005,1.94495e-08,0.001,496.79028909991
1.5,1.09684e-10,1.11072e-10,2.1,1.17954e-06,49.417172624205,0.005,1.96087e-08,0.001,497.821068899939
1.49,1.08961e-10,1.10021e-10,2.09,1.17754e-06,49.3656646784198,0.005,1.96822e-08,0.001,498.853605799959
1.48,1.06059e-10,1.10414e-10,2.08,1.17713e-06,49.3550964434691,0.005,1.98549e-08,0.001,499.879899899941
1.47,1.03827e-10,1.10394e-10,2.07,1.17742e-06,49.3625718575486,0.005,1.97752e-08,0.001,500.924182799994
1.46,1.02279e-10,1.09929e-10,2.06,1.1771e-06,49.3543230361809,0.005,1.96905e-08,0.001,501.955347699928
1.45,1.00538e-10,1.09419e-10,2.05,1.1772e-06,49.3569009958704,0.005,1.98476e-08,0.001,503.000638099969
1.44,9.98831e-11,1.07594e-10,2.04,1.1763e-06,49.3336927107082,0.005,1.97148e-08,0.001,504.030203599948
1.43,9.96065e-11,1.05501e-10,2.03,1.17542e-06,49.3109856893985,0.005,1.98724e-08,0.001,505.070719899959
1.42,9.86445e-11,1.04104e-10,2.02,1.17434e-06,49.2830983895693,0.005,1.97927e-08,0.001,506.102593699936
1.41,9.76217e-11,1.02781e-10,2.01,1.1754e-06,49.3104694542282,0.005,1.9933e-08,0.001,507.142412699992
1.4,9.61339e-11,1.01829e-10,2.0,1.17522e-06,49.3058230044966,0.005,1.98457e-08,0.001,508.175328999991
1.39,9.51731e-11,1.00623e-10,1.99,1.17715e-06,49.3556120390985,0.005,1.98423e-08,0.001,509.218972899951
1.38,9.38177e-11,9.94647e-11,1.98,1.17627e-06,49.3329188434819,0.005,2.02286e-08,0.001,510.286278299987
1.37,9.25457e-11,9.81879e-11,1.97,1.17625e-06,49.3324029227556,0.005,2.00226e-08,0.001,511.328301999951
1.36,9.12261e-11,9.73666e-11,1.96,1.176e-06,49.3259532897476,0.005,2.01192e-08,0.001,512.744336999953
1.35,8.90839e-11,9.71746e-11,1.95,1.17627e-06,49.3329188434819,0.005,2.03497e-08,0.001,513.790585499955
1.34,8.71849e-11,9.62746e-11,1.94,1.17557e-06,49.3148572172043,0.005,1.98441e-08,0.001,514.8221318
1.33,8.5206e-11,9.54652e-11,1.93,1.17633e-06,49.3344665613,0.005,1.99794e-08,0.001,515.861140799941
1.32,8.33261e-11,9.46724e-11,1.92,1.17627e-06,49.3329188434819,0.005,2.02925e-08,0.001,516.892716999981
1.31,8.1619e-11,9.37784e-11,1.91,1.17785e-06,49.3736532363075,0.005,1.9839e-08,0.001,517.94037289999
1.3,7.94983e-11,9.31025e-11,1.9,1.17713e-06,49.3550964434691,0.005,1.9413e-08,0.001,518.974033099948
1.29,7.67696e-11,9.31036e-11,1.89,1.17686e-06,49.3481351797134,0.005,1.95615e-08,0.001,520.021930999937
1.28,7.50518e-11,9.1939e-11,1.88,1.17694e-06,49.350197916703,0.005,1.97963e-08,0.001,521.053344699903
1.27,7.2844e-11,9.10473e-11,1.87,1.17597e-06,49.3251792561299,0.005,2.01151e-08,0.001,522.094779599924
1.26,7.05349e-11,9.06599e-11,1.86,1.17765e-06,49.3684995308637,0.005,1.97936e-08,0.001,523.122625999968
1.25,6.79219e-11,9.00424e-11,1.85,1.17627e-06,49.3329188434819,0.005,1.98848e-08,0.001,524.159596499987
1.24,6.54364e-11,8.93748e-11,1.84,1.1766e-06,49.3414304681896,0.005,1.99288e-08,0.001,525.192912600003
1.23,6.28674e-11,8.89409e-11,1.83,1.17755e-06,49.3659224015011,0.005,1.96679e-08,0.001,526.237252999912
1.22,6.0612e-11,8.80861e-11,1.82,1.17662e-06,49.3419462595617,0.005,1.97158e-08,0.001,527.267615299905
1.21,5.78713e-11,8.74794e-11,1.81,1.17591e-06,49.323631138963,0.005,2.01333e-08,0.001,528.694623699994
1.2,5.54931e-11,8.69191e-11,1.8,1.17635e-06,49.3349824524532,0.005,2.00835e-08,0.001,529.72842379997
1.19,5.24652e-11,8.64995e-11,1.79,1.17665e-06,49.3427199327647,0.005,1.99682e-08,0.001,530.761469599907
1.18,5.02646e-11,8.5634e-11,1.78,1.17632e-06,49.334208612951,0.005,2.0142e-08,0.001,531.794614899904
1.17,4.7425e-11,8.53694e-11,1.77,1.17655e-06,49.3401409574285,0.005,2.01101e-08,0.001,532.8405547
1.16,4.51899e-11,8.50284e-11,1.76,1.17645e-06,49.3375617973345,0.005,1.96589e-08,0.001,533.872703299974
1.15,4.2758e-11,8.42524e-11,1.75,1.17671e-06,49.3442672292947,0.005,1.94689e-08,0.001,534.922747400007
1.14,4.03547e-11,8.38578e-11,1.74,1.17741e-06,49.362314110484,0.005,1.96071e-08,0.001,535.957960899919
1.13,3.80671e-11,8.35776e-11,1.73,1.17758e-06,49.3666955596775,0.005,1.96897e-08,0.001,537.006658599945
1.12,3.58975e-11,8.2798e-11,1.72,1.17842e-06,49.3883372514216,0.005,1.96748e-08,0.001,538.038868799922
1.11,3.38757e-11,8.25226e-11,1.71,1.17773e-06,49.3705611015579,0.005,1.98053e-08,0.001,539.088034099899
1.1,3.18956e-11,8.1811e-11,1.7,1.17699e-06,49.3514870673114,0.005,1.97153e-08,0.001,540.121292699943
1.09,2.97713e-11,8.16238e-11,1.69,1.17596e-06,49.3249212412254,0.005,2.03363e-08,0.001,541.1575057999
1.08,2.76661e-11,8.10051e-11,1.68,1.17725e-06,49.3581899065003,0.005,2.00458e-08,0.001,542.192385399947
1.07,2.58446e-11,8.05855e-11,1.67,1.17689e-06,49.3489087199338,0.005,1.97214e-08,0.001,543.236246799934
1.06,2.39301e-11,8.02362e-11,1.66,1.1775e-06,49.3646337676469,0.005,1.96546e-08,0.001,544.653308499954
1.05,2.22814e-11,8.0061e-11,1.65,1.17664e-06,49.3424620435443,0.005,1.99958e-08,0.001,545.890455999994
1.04,2.07615e-11,7.9273e-11,1.64,1.17581e-06,49.3210507957256,0.005,1.94045e-08,0.001,546.923499499913
1.03,1.93036e-11,7.85506e-11,1.63,1.1755e-06,49.3130505560468,0.005,1.97382e-08,0.001,547.967919699964
1.02,1.75977e-11,7.82347e-11,1.62,1.17607e-06,49.3277593034691,0.005,1.92145e-08,0.001,549.0005963
1.01,1.57547e-11,7.80368e-11,1.61,1.17729e-06,49.3592210017844,0.005,1.93685e-08,0.001,550.046222199919
1.0,1.4044e-11,7.76136e-11,1.6,1.17674e-06,49.3450408526232,0.005,1.91612e-08,0.001,551.078778799972
0.99,1.31619e-11,7.64632e-11,1.59,1.17508e-06,49.3022086844288,0.005,1.86152e-08,0.001,552.125669399975
0.98,1.27947e-11,7.49099e-11,1.58,1.17525e-06,49.3065974544388,0.005,1.89974e-08,0.001,553.201470999978
0.97,1.16241e-11,7.44712e-11,1.57,1.17641e-06,49.3365300815581,0.005,1.86325e-08,0.001,554.249535099952
0.96,1.05882e-11,7.37953e-11,1.56,1.17667e-06,49.3432357056636,0.005,1.87639e-08,0.001,555.281758499914
0.95,9.1207e-12,7.3545e-11,1.55,1.17633e-06,49.3344665613,0.005,2.01071e-08,0.001,556.324502100004
0.94,8.07285e-12,7.30133e-11,1.54,1.17616e-06,49.3300811879855,0.005,1.96112e-08,0.001,557.356992299901
0.93,7.1156e-12,7.2664e-11,1.53,1.1761e-06,49.3285332816143,0.005,1.94707e-08,0.001,558.400505599915
0.92,6.33001e-12,7.18844e-11,1.52,1.17614e-06,49.3295652265903,0.005,1.94414e-08,0.001,559.434707799926
0.91,5.41091e-12,7.17318e-11,1.51,1.17567e-06,49.3174380044296,0.005,1.92701e-08,0.001,560.873105000006
0.9,4.59433e-12,7.12276e-11,1.5,1.17478e-06,49.2944624905084,0.005,1.92293e-08,0.001,561.902809399995
0.89,3.76105e-12,7.09319e-11,1.49,1.17495e-06,49.2988522050762,0.005,1.94149e-08,0.001,562.948998000007
0.88,3.50714e-12,7.01261e-11,1.48,1.17535e-06,49.3091788339102,0.005,1.92716e-08,0.001,563.984566999949
0.87,2.93732e-12,6.96397e-11,1.47,1.17618e-06,49.3305971419858,0.005,1.94504e-08,0.001,565.028574399999
0.86,1.80483e-12,6.96874e-11,1.46,1.17571e-06,49.3184702675136,0.005,1.95856e-08,0.001,566.062022899976
0.85,1.37687e-12,6.90734e-11,1.45,1.17663e-06,49.3422041524768,0.005,1.93471e-08,0.001,567.10808419995
0.84,8.05855e-13,6.86491e-11,1.44,1.17625e-06,49.3324029227556,0.005,1.94278e-08,0.001,568.135672300006
0.83,8.74996e-13,6.75857e-11,1.43,1.1765e-06,49.3388514004781,0.005,2.00399e-08,0.001,569.182082099956
0.82,4.93526e-13,6.72924e-11,1.42,1.17655e-06,49.3401409574285,0.005,1.94366e-08,0.001,570.214846699964
0.81,-1.57356e-13,6.67119e-11,1.41,1.17773e-06,49.3705611015579,0.005,1.93961e-08,0.001,571.262031799997
0.8,-7.14064e-13,6.63519e-11,1.4,1.17732e-06,49.3599943038705,0.005,1.9742e-08,0.001,572.295153999934
0.79,-1.02997e-12,6.54387e-11,1.39,1.17737e-06,49.3612831037743,0.005,1.94223e-08,0.001,573.342108099954
0.78,-1.26839e-12,6.51109e-11,1.38,1.17636e-06,49.3352403952576,0.005,1.96919e-08,0.001,574.375094199902
0.77,-1.60217e-12,6.4286e-11,1.37,1.17764e-06,49.3682418262277,0.005,1.98056e-08,0.001,575.603360699955
0.76,-2.11e-12,6.40058e-11,1.36,1.17738e-06,49.3615408582194,0.005,1.95955e-08,0.001,577.034416700015
0.75,-2.57969e-12,6.36709e-11,1.35,1.17621e-06,49.3313710591214,0.005,1.96451e-08,0.001,578.080595299951
0.74,-2.80142e-12,6.29592e-11,1.34,1.17562e-06,49.3161476339457,0.005,1.96704e-08,0.001,579.113433099934
0.73,-4.9305e-12,6.41692e-11,1.33,1.17563e-06,49.316405711743,0.005,1.97366e-08,0.001,580.156477499986
0.72,-5.82576e-12,6.41251e-11,1.32,1.1757e-06,49.3182122045177,0.005,1.94922e-08,0.001,581.188716099947
0.71,-9.83715e-12,6.71053e-11,1.31,1.17613e-06,49.3293072431196,0.005,1.96689e-08,0.001,582.234555299976
0.7,-9.98139e-12,6.63602e-11,1.3,1.17507e-06,49.3019505048215,0.005,1.95322e-08,0.001,583.269977899967
0.69,-1.01316e-11,6.56068e-11,1.29,1.17533e-06,49.3086625728255,0.005,1.95096e-08,0.001,584.333375299932
0.68,-1.02878e-11,6.48582e-11,1.28,1.17499e-06,49.2998850012916,0.005,1.94892e-08,0.001,585.379983899998
0.67,-9.88007e-12,6.34885e-11,1.27,1.17622e-06,49.3316290278028,0.005,1.93644e-08,0.001,586.41451989999
0.66,-8.91328e-12,6.1475e-11,1.26,1.17549e-06,49.3127924541934,0.005,1.99068e-08,0.001,587.450106899953
0.65,-9.2423e-12,6.09148e-11,1.25,1.17653e-06,49.3396251401913,0.005,1.94426e-08,0.001,588.489484199905
0.64,-9.10759e-12,5.99384e-11,1.24,1.17631e-06,49.3339506627538,0.005,1.93267e-08,0.001,589.520986299962
0.63,-9.30309e-12,5.91791e-11,1.23,1.17586e-06,49.3223409904642,0.005,1.94538e-08,0.001,590.557408799999
0.62,-9.53078e-12,5.8589e-11,1.22,1.17643e-06,49.3370459431421,0.005,1.93899e-08,0.001,591.780808400013
0.61,-1.22559e-11,6.04832e-11,1.21,1.17519e-06,49.3050485378913,0.005,1.91133e-08,0.001,593.217908299994
0.6,-1.35124e-11,6.08408e-11,1.2,1.17585e-06,49.3220829552158,0.005,1.97059e-08,0.001,594.252274799976
0.59,-1.53422e-11,6.14285e-11,1.19,1.17565e-06,49.3169218617866,0.005,1.95965e-08,0.001,595.295776499901
0.58,-1.50347e-11,6.03461e-11,1.18,1.17595e-06,49.3246632244717,0.005,1.97033e-08,0.001,596.330941799912
0.57,-1.52576e-11,5.98061e-11,1.17,1.17594e-06,49.3244052058685,0.005,1.99634e-08,0.001,597.373801199952
0.56,-1.52242e-11,5.8887e-11,1.16,1.17625e-06,49.3324029227556,0.005,1.95767e-08,0.001,598.403690799954
0.55,-1.62232e-11,5.87404e-11,1.15,1.17621e-06,49.3313710591214,0.005,1.9279e-08,0.001,599.445297800004
0.54,-1.57058e-11,5.73802e-11,1.14,1.17635e-06,49.3349824524532,0.005,1.94309e-08,0.001,600.478854099987
0.53,-1.65582e-11,5.7447e-11,1.13,1.17641e-06,49.3365300815581,0.005,1.93886e-08,0.001,601.519502699957
0.52,-1.71852e-11,5.71728e-11,1.12,1.17609e-06,49.3282752907483,0.005,1.97343e-08,0.001,602.550500699901
0.51,-1.72055e-11,5.60904e-11,1.11,1.17615e-06,49.3298232082123,0.005,1.92705e-08,0.001,603.599741999991
0.5,-1.71244e-11,5.5238e-11,1.1,1.17628e-06,49.3331768010723,0.005,1.92574e-08,0.001,604.631926200003
0.49,-1.72877e-11,5.46622e-11,1.09,1.17534e-06,49.3089207042934,0.005,1.98159e-08,0.001,605.677876199945
0.48,-1.74201e-11,5.37086e-11,1.08,1.17631e-06,49.3339506627538,0.005,1.94875e-08,0.001,606.714237699984
0.47,-1.73771e-11,5.26905e-11,1.07,1.17652e-06,49.3393672288013,0.005,1.97793e-08,0.001,607.952373299981
0.46,-1.82176e-11,5.28848e-11,1.06,1.17471e-06,49.2926548053564,0.005,1.97777e-08,0.001,609.185230199946
0.45,-1.7966e-11,5.20682e-11,1.05,1.17588e-06,49.3228570554123,0.005,1.9634e-08,0.001,610.228355299914
0.44,-1.84846e-11,5.16522e-11,1.04,1.17629e-06,49.3334347568145,0.005,1.98004e-08,0.001,611.27419399994
0.43,-1.8599e-11,5.1055e-11,1.03,1.17542e-06,49.3109856893985,0.005,1.94936e-08,0.001,612.311824399978
0.42,-1.89471e-11,5.0503e-11,1.02,1.1749e-06,49.2975611681306,0.005,1.99486e-08,0.001,613.343416099902
0.41,-1.93691e-11,4.99988e-11,1.01,1.17382e-06,49.26966346054,0.005,1.94891e-08,0.001,614.390881299973
0.4,-2.00045e-11,4.97591e-11,1.0,1.17582e-06,49.3213088383727,0.005,1.9961e-08,0.001,615.424325499916
0.39,-1.9933e-11,4.87101e-11,0.99,1.17564e-06,49.3166637876899,0.005,2.00163e-08,0.001,616.469987199991
0.38,-2.03061e-11,4.82225e-11,0.98,1.1751e-06,49.3027250380877,0.005,1.99132e-08,0.001,617.501372999977
0.37,-2.07508e-11,4.80282e-11,0.97,1.1755e-06,49.3130505560468,0.005,1.96558e-08,0.001,618.544179199962
0.36,-2.10178e-11,4.73917e-11,0.96,1.17581e-06,49.3210507957256,0.005,1.95676e-08,0.001,619.575704599964
0.35,-2.09713e-11,4.64964e-11,0.95,1.1755e-06,49.3130505560468,0.005,1.94298e-08,0.001,620.626365299919
0.34,-2.10929e-11,4.60017e-11,0.94,1.17658e-06,49.3409146694277,0.005,1.93903e-08,0.001,621.6592945999
0.33,-2.11263e-11,4.50563e-11,0.93,1.17629e-06,49.3334347568145,0.005,1.99038e-08,0.001,622.711801999947
0.32,-2.14803e-11,4.47202e-11,0.92,1.17525e-06,49.3065974544388,0.005,1.95875e-08,0.001,623.941979800002
0.31,-2.16019e-11,4.40264e-11,0.91,1.17599e-06,49.325695280391,0.005,1.97693e-08,0.001,625.185132499901
0.3,-2.18499e-11,4.35662e-11,0.9,1.17591e-06,49.323631138963,0.005,1.93129e-08,0.001,626.223779199994
0.29,-2.21574e-11,4.30834e-11,0.89,1.17575e-06,49.3195025009972,0.005,1.91938e-08,0.001,627.25688469992
0.28,-2.2192e-11,4.22347e-11,0.88,1.17649e-06,49.338593483545,0.005,1.97736e-08,0.001,628.290537099936
0.27,-2.21646e-11,4.1467e-11,0.87,1.17581e-06,49.3210507957256,0.005,1.93393e-08,0.001,629.327395399916
0.26,-2.23994e-11,4.10151e-11,0.86,1.17634e-06,49.3347245078007,0.005,1.9353e-08,0.001,630.360090499977
0.25,-2.28369e-11,4.04e-11,0.85,1.17627e-06,49.3329188434819,0.005,1.95814e-08,0.001,631.397037599934
0.24,-2.31099e-11,3.9686e-11,0.84,1.17582e-06,49.3213088383727,0.005,1.96719e-08,0.001,632.428171599982
0.23,-2.37274e-11,3.93653e-11,0.83,1.17508e-06,49.3022086844288,0.005,1.97275e-08,0.001,633.466764300014
0.22,-2.35713e-11,3.84402e-11,0.82,1.17695e-06,49.3504557505175,0.005,1.93756e-08,0.001,634.498330799979
0.21,-2.36106e-11,3.78251e-11,0.81,1.17674e-06,49.3450408526232,0.005,1.97167e-08,0.001,635.540192299988
0.2,-2.3917e-11,3.71861e-11,0.8,1.17705e-06,49.3530339871139,0.005,1.94085e-08,0.001,636.571553499904
0.19,-2.43592e-11,3.7061e-11,0.79,1.17618e-06,49.3305971419858,0.005,1.91776e-08,0.001,637.613716199994
0.18,-2.4575e-11,3.63982e-11,0.78,1.17603e-06,49.3267273067228,0.005,1.93176e-08,0.001,638.644362699939
0.17,-2.48933e-11,3.58307e-11,0.77,1.1754e-06,49.3104694542282,0.005,1.87247e-08,0.001,639.874207299901
0.16,-2.49982e-11,3.5404e-11,0.76,1.17663e-06,49.3422041524768,0.005,1.89037e-08,0.001,641.107082200004
0.15,-2.47669e-11,3.42393e-11,0.75,1.17666e-06,49.3429778201378,0.005,1.93191e-08,0.001,642.152269399958
0.14,-2.49004e-11,3.3592e-11,0.74,1.17736e-06,49.361025347484,0.005,1.89033e-08,0.001,643.186911999946
0.13,-2.54154e-11,3.30126e-11,0.73,1.17643e-06,49.3370459431421,0.005,1.90753e-08,0.001,644.235050299903
0.12,-2.5562e-11,3.24368e-11,0.72,1.17684e-06,49.3476194769998,0.005,1.92012e-08,0.001,645.263520799926
0.11,-2.58315e-11,3.20125e-11,0.71,1.17691e-06,49.349424404181,0.005,1.88631e-08,0.001,646.301210299949
0.1,-2.63166e-11,3.14462e-11,0.7,1.1754e-06,49.3104694542282,0.005,1.89408e-08,0.001,647.333277900005
0.09,-2.60317e-11,3.04174e-11,0.69,1.17499e-06,49.2998850012916,0.005,1.90591e-08,0.001,648.374967099982
0.08,-2.69568e-11,3.05498e-11,0.68,1.17627e-06,49.3329188434819,0.005,1.87421e-08,0.001,649.408528200001
0.07,-2.70808e-11,2.9701e-11,0.67,1.17546e-06,49.3120181375288,0.005,1.9491e-08,0.001,650.4546997
0.06,-2.71022e-11,2.89118e-11,0.66,1.17655e-06,49.3401409574285,0.005,1.89495e-08,0.001,651.488194099977
0.05,-2.76935e-11,2.86877e-11,0.65,1.17532e-06,49.3084044395065,0.005,1.89775e-08,0.001,652.535303300014
0.04,-2.75183e-11,2.78246e-11,0.64,1.17571e-06,49.3184702675136,0.005,1.87852e-08,0.001,653.569612599909
0.03,-2.78914e-11,2.73442e-11,0.63,1.17602e-06,49.3264693029136,0.005,1.88481e-08,0.001,654.611370599945
0.02,-2.81966e-11,2.64883e-11,0.62,1.17611e-06,49.3287912706317,0.005,1.91365e-08,0.001,655.834095099941
0.01,-2.83003e-11,2.60341e-11,0.61,1.176e-06,49.3259532897476,0.005,1.88564e-08,0.001,657.267397799995
-1.66533e-16,-2.82371e-11,2.51067e-11,0.6,1.17651e-06,49.3391093155636,0.005,1.83735e-08,0.001,658.305565299932
-0.01,-2.90632e-11,2.51091e-11,0.59,1.17653e-06,49.3396251401913,0.005,1.89847e-08,0.001,659.351716400008
-0.02,-2.94578e-11,2.47872e-11,0.58,1.17665e-06,49.3427199327647,0.005,1.89266e-08,0.001,660.38985529996
-0.03,-2.95413e-11,2.38025e-11,0.57,1.17689e-06,49.3489087199338,0.005,1.86194e-08,0.001,661.433860899997
-0.04,-2.9707e-11,2.3303e-11,0.56,1.17638e-06,49.335756275322,0.005,1.8748e-08,0.001,662.471073199995
-0.05,-3.01886e-11,2.27737e-11,0.55,1.17634e-06,49.3347245078007,0.005,1.90703e-08,0.001,663.507093199994
-0.06,-3.01957e-11,2.20013e-11,0.54,1.17595e-06,49.3246632244717,0.005,1.9228e-08,0.001,664.54069970001
-0.07,-3.03054e-11,2.10965e-11,0.53,1.17675e-06,49.3452987233721,0.005,1.8906e-08,0.001,665.585533199948
-0.08,-3.07727e-11,2.06292e-11,0.52,1.17597e-06,49.3251792561299,0.005,1.86987e-08,0.001,666.618828599923
-0.09,-3.05867e-11,1.98996e-11,0.51,1.17562e-06,49.3161476339457,0.005,1.9119e-08,0.001,667.669004899915
-0.1,-3.09241e-11,1.89042e-11,0.5,1.17478e-06,49.2944624905084,0.005,1.86126e-08,0.001,668.700435900013
-0.11,-3.11601e-11,1.8369e-11,0.49,1.17554e-06,49.3140829449544,0.005,1.90219e-08,0.001,669.743092199904
-0.12,-3.13497e-11,1.79636e-11,0.48,1.1763e-06,49.3336927107082,0.005,1.84889e-08,0.001,670.777260100003
-0.13,-3.12924e-11,1.69134e-11,0.47,1.17662e-06,49.3419462595617,0.005,1.87488e-08,0.001,672.01957080001
-0.14,-3.19374e-11,1.69992e-11,0.46,1.17657e-06,49.3406567672754,0.005,1.89525e-08,0.001,673.257738299901
-0.15,-3.19612e-11,1.61159e-11,0.45,1.17704e-06,49.3527761717623,0.005,1.91108e-08,0.001,674.299650599947
-0.16,-3.20196e-11,1.51861e-11,0.44,1.17707e-06,49.3535496122789,0.005,1.86796e-08,0.001,675.331088599982
-0.17,-3.22473e-11,1.46842e-11,0.43,1.17638e-06,49.335756275322,0.005,1.87993e-08,0.001,676.371737499954
-0.18,-3.26681e-11,1.42395e-11,0.42,1.17649e-06,49.338593483545,0.005,1.89894e-08,0.001,677.405410600011
-0.19,-3.26288e-11,1.32573e-11,0.41,1.17574e-06,49.3192444454013,0.005,1.87453e-08,0.001,678.441764399991
-0.2,-3.34311e-11,1.27542e-11,0.4,1.17595e-06,49.3246632244717,0.005,1.90899e-08,0.001,679.476758399978
-0.21,-3.35276e-11,1.25837e-11,0.39,1.17646e-06,49.3378197216589,0.005,1.89166e-08,0.001,680.511723399977
-0.22,-3.36897e-11,1.15943e-11,0.38,1.17711e-06,49.3545808404562,0.005,1.8661e-08,0.001,681.542963699903
-0.23,-3.42357e-11,1.11794e-11,0.37,1.17658e-06,49.3409146694277,0.005,1.91603e-08,0.001,682.580578499939
-0.24,-3.48675e-11,1.09541e-11,0.36,1.17619e-06,49.330855116213,0.005,1.96977e-08,0.001,683.616365899914
-0.25,-3.53968e-11,1.03414e-11,0.35,1.17586e-06,49.3223409904642,0.005,1.93754e-08,0.001,684.658640199923
-0.26,-3.56102e-11,9.81331e-12,0.34,1.17701e-06,49.3520027146304,0.005,1.87231e-08,0.001,685.689313399955
-0.27,-3.61299e-11,9.25899e-12,0.33,1.17731e-06,49.3597365383538,0.005,1.90905e-08,0.001,686.733439099975
-0.28,-3.65984e-11,8.95619e-12,0.32,1.17669e-06,49.3437514711734,0.005,1.95074e-08,0.001,687.962391600013
-0.29,-3.68559e-11,8.0502e-12,0.31,1.17676e-06,49.3455565922739,0.005,1.95905e-08,0.001,689.210716099944
-0.3,-3.71385e-11,7.45058e-12,0.3,1.17678e-06,49.3460723245365,0.005,1.93732e-08,0.001,690.241768599954
-0.31,-3.76403e-11,6.94036e-12,0.29,1.17623e-06,49.3318869946356,0.005,1.92342e-08,0.001,691.290675699944
-0.32,-3.85487e-11,6.93083e-12,0.28,1.17568e-06,49.3176960729757,0.005,1.93872e-08,0.001,692.324796099914
-0.33,-3.93367e-11,6.40631e-12,0.27,1.17619e-06,49.330855116213,0.005,1.95897e-08,0.001,693.367577599944
-0.34,-4.0257e-11,5.96762e-12,0.26,1.17706e-06,49.3532918006194,0.005,1.91994e-08,0.001,694.397243199986
-0.35,-4.11224e-11,5.45979e-12,0.25,1.17649e-06,49.338593483545,0.005,1.91548e-08,0.001,695.437914300011
-0.36,-4.16887e-11,5.12242e-12,0.24,1.17706e-06,49.3532918006194,0.005,1.91654e-08,0.001,696.470155399991
-0.37,-4.25184e-11,4.87447e-12,0.23,1.17675e-06,49.3452987233721,0.005,1.91739e-08,0.001,697.5236516
-0.38,-4.32956e-11,4.41551e-12,0.22,1.17574e-06,49.3192444454013,0.005,1.94045e-08,0.001,698.554960199981
-0.39,-4.41325e-11,3.85046e-12,0.21,1.17514e-06,49.303757723184,0.005,1.92904e-08,0.001,699.598826700007
-0.4,-4.49932e-11,3.27587e-12,0.2,1.1745e-06,49.2872312050877,0.005,1.92286e-08,0.001,700.6335464
-0.41,-4.58491e-11,2.62499e-12,0.19,1.17561e-06,49.3158895542981,0.005,1.92554e-08,0.001,701.677408899995
-0.42,-4.66514e-11,2.07782e-12,0.18,1.17556e-06,49.3145991283048,0.005,1.88533e-08,0.001,702.70702229999
-0.43,-4.76336e-11,1.79887e-12,0.17,1.17467e-06,49.2916218016479,0.005,1.85329e-08,0.001,703.953821299947
-0.44,-4.84228e-11,1.22309e-12,0.16,1.17548e-06,49.3125343504892,0.005,1.85859e-08,0.001,705.188237599912
-0.45,-4.98998e-11,7.42674e-13,0.15,1.17571e-06,49.3184702675136,0.005,1.85716e-08,0.001,706.23789619992
-0.46,-5.10585e-11,6.44922e-13,0.14,1.17694e-06,49.350197916703,0.005,1.87496e-08,0.001,707.26981019997
-0.47,-5.2439e-11,-4.88758e-14,0.13,1.1764e-06,49.3362721479941,0.005,1.90006e-08,0.001,708.31550929998
-0.48,-5.36144e-11,-6.23465e-13,0.12,1.17736e-06,49.361025347484,0.005,1.94272e-08,0.001,709.346488500014
-0.49,-5.4884e-11,-1.49488e-12,0.11,1.1774e-06,49.3620563615742,0.005,1.96362e-08,0.001,710.39027069998
-0.5,-5.57947e-11,-2.08616e-12,0.1,1.17726e-06,49.3584476830895,0.005,1.90972e-08,0.001,711.422832799959
-0.51,-5.74636e-11,-2.34008e-12,0.09,1.177e-06,49.351744891894,0.005,1.89439e-08,0.001,712.4632175999
-0.52,-5.885e-11,-3.09825e-12,0.08,1.17798e-06,49.3770027493392,0.005,1.89136e-08,0.001,713.531002099975
-0.53,-6.00457e-11,-3.4678e-12,0.07,1.17757e-06,49.36643784213,0.005,1.89161e-08,0.001,714.570805599913
-0.54,-6.13201e-11,-4.22835e-12,0.06,1.17784e-06,49.3733955685532,0.005,1.86577e-08,0.001,715.603628699901
-0.55,-6.25646e-11,-4.7636e-12,0.05,1.17851e-06,49.3906552328739,0.005,1.85968e-08,0.001,716.648359299987
